STRATEGY,PHASE,CPU_USAGE_PERCENTAGE_median_median,CPU_USAGE_PERCENTAGE_median_mean,CPU_USAGE_PERCENTAGE_median_std,CPU_USAGE_PERCENTAGE_median_min,CPU_USAGE_PERCENTAGE_median_max,CPU_USAGE_PERCENTAGE_mean_median,CPU_USAGE_PERCENTAGE_mean_mean,CPU_USAGE_PERCENTAGE_mean_std,CPU_USAGE_PERCENTAGE_mean_min,CPU_USAGE_PERCENTAGE_mean_max,CPU_USAGE_PERCENTAGE_max_median,CPU_USAGE_PERCENTAGE_max_mean,CPU_USAGE_PERCENTAGE_max_std,CPU_USAGE_PERCENTAGE_max_min,CPU_USAGE_PERCENTAGE_max_max,CPU_USAGE_PERCENTAGE_min_median,CPU_USAGE_PERCENTAGE_min_mean,CPU_USAGE_PERCENTAGE_min_std,CPU_USAGE_PERCENTAGE_min_min,CPU_USAGE_PERCENTAGE_min_max,CPU_USAGE_PERCENTAGE_std_median,CPU_USAGE_PERCENTAGE_std_mean,CPU_USAGE_PERCENTAGE_std_std,CPU_USAGE_PERCENTAGE_std_min,CPU_USAGE_PERCENTAGE_std_max,CPU_USAGE_PERCENTAGE_count_median,CPU_USAGE_PERCENTAGE_count_mean,CPU_USAGE_PERCENTAGE_count_std,CPU_USAGE_PERCENTAGE_count_min,CPU_USAGE_PERCENTAGE_count_max,MEM_USAGE_PERCENTAGE_median_median,MEM_USAGE_PERCENTAGE_median_mean,MEM_USAGE_PERCENTAGE_median_std,MEM_USAGE_PERCENTAGE_median_min,MEM_USAGE_PERCENTAGE_median_max,MEM_USAGE_PERCENTAGE_mean_median,MEM_USAGE_PERCENTAGE_mean_mean,MEM_USAGE_PERCENTAGE_mean_std,MEM_USAGE_PERCENTAGE_mean_min,MEM_USAGE_PERCENTAGE_mean_max,MEM_USAGE_PERCENTAGE_max_median,MEM_USAGE_PERCENTAGE_max_mean,MEM_USAGE_PERCENTAGE_max_std,MEM_USAGE_PERCENTAGE_max_min,MEM_USAGE_PERCENTAGE_max_max,MEM_USAGE_PERCENTAGE_min_median,MEM_USAGE_PERCENTAGE_min_mean,MEM_USAGE_PERCENTAGE_min_std,MEM_USAGE_PERCENTAGE_min_min,MEM_USAGE_PERCENTAGE_min_max,MEM_USAGE_PERCENTAGE_std_median,MEM_USAGE_PERCENTAGE_std_mean,MEM_USAGE_PERCENTAGE_std_std,MEM_USAGE_PERCENTAGE_std_min,MEM_USAGE_PERCENTAGE_std_max,MEM_USAGE_PERCENTAGE_count_median,MEM_USAGE_PERCENTAGE_count_mean,MEM_USAGE_PERCENTAGE_count_std,MEM_USAGE_PERCENTAGE_count_min,MEM_USAGE_PERCENTAGE_count_max,MEM_USAGE_MB_median_median,MEM_USAGE_MB_median_mean,MEM_USAGE_MB_median_std,MEM_USAGE_MB_median_min,MEM_USAGE_MB_median_max,MEM_USAGE_MB_mean_median,MEM_USAGE_MB_mean_mean,MEM_USAGE_MB_mean_std,MEM_USAGE_MB_mean_min,MEM_USAGE_MB_mean_max,MEM_USAGE_MB_max_median,MEM_USAGE_MB_max_mean,MEM_USAGE_MB_max_std,MEM_USAGE_MB_max_min,MEM_USAGE_MB_max_max,MEM_USAGE_MB_min_median,MEM_USAGE_MB_min_mean,MEM_USAGE_MB_min_std,MEM_USAGE_MB_min_min,MEM_USAGE_MB_min_max,MEM_USAGE_MB_std_median,MEM_USAGE_MB_std_mean,MEM_USAGE_MB_std_std,MEM_USAGE_MB_std_min,MEM_USAGE_MB_std_max,MEM_USAGE_MB_count_median,MEM_USAGE_MB_count_mean,MEM_USAGE_MB_count_std,MEM_USAGE_MB_count_min,MEM_USAGE_MB_count_max,strategy,algorithm
KERNELS,ALBEDO,223.0,202.951643,52.87597,138.0,293.0,179.488889,190.23303,33.29985,145.636364,281.65,275.0,269.392488,20.332017,224.0,311.0,127.0,100.693897,58.157068,0.0,155.0,56.389246,68.737379,31.033058,30.952383,136.438728,46.0,43.035681,11.984037,20,76,1.2,1.156197,0.049186,1.1,1.2,1.043396,1.055789,0.071112,0.875,1.216667,1.3,1.291925,0.027258,1.2,1.3,0.0,0.31615,0.483217,0.0,1.1,0.369439,0.306132,0.170883,0.042252,0.551739,46.0,43.035681,11.984037,20,76,1584848.0,1577643.515493,16283.254261,1535636.0,1665728.0,1431919.102041,1443640.864052,98590.461344,1204993.0,1653954.095238,1771404.0,1758856.443192,42789.919646,1584936,1772120,103996.0,497054.377465,604753.417935,102512,1553996,476371.184558,390283.734769,224805.740977,39137.6759,704541.109248,46.0,43.035681,11.984037,20,76,kernels-streams-seq,kernels-0
KERNELS,D0,225.5,204.852582,54.698085,138.0,296.5,181.795455,194.04294,36.31782,145.636364,295.944444,276.0,270.249765,21.068666,224.0,311.0,129.0,107.85446,61.065834,0.0,282.0,55.450972,65.789199,31.223437,7.922212,136.438728,45.0,41.987793,12.404706,18,73,1.2,1.159296,0.049032,1.1,1.3,1.041463,1.049195,0.075124,0.85,1.216667,1.3,1.294742,0.02233,1.2,1.3,0.0,0.285164,0.466939,0.0,1.1,0.376151,0.320395,0.169336,0.042876,0.562819,45.0,41.987793,12.404706,18,73,1584992.0,1581062.728638,20671.340502,1537656.0,1771328.0,1428527.902439,1435013.525249,103346.988285,1178676.0,1653954.095238,1771412.0,1764087.466667,31027.213031,1585220,1772120,103980.0,458735.909859,585021.443784,102512,1553996,484609.125753,409214.833924,222620.671484,39137.6759,732894.170306,45.0,41.987793,12.404706,18,73,kernels-streams-seq,kernels-0
KERNELS,EA_EMISSIVITY,223.0,203.358685,53.272812,138.0,293.0,180.130435,191.007258,34.038156,145.636364,288.4,275.0,269.512676,20.422329,224.0,311.0,128.0,102.247887,58.772648,0.0,273.0,56.126008,68.090744,31.098598,8.738234,136.438728,46.0,42.750235,11.985563,19,57,1.2,1.156854,0.049099,1.1,1.2,1.042857,1.054536,0.072002,0.87,1.216667,1.3,1.2923,0.026671,1.2,1.3,0.0,0.312019,0.481193,0.0,1.1,0.371607,0.308659,0.171096,0.042252,0.552602,46.0,42.750235,11.985563,19,57,1584892.0,1578299.168075,16847.812563,1537416.0,1665728.0,1431482.146341,1441994.306211,99657.210461,1204993.0,1653954.095238,1771404.0,1759554.584038,41448.638813,1584936,1772120,103992.0,491955.410329,602317.657449,102512,1553996,477968.442542,393618.149214,225086.301432,39137.6759,709732.531519,46.0,42.750235,11.985563,19,57,kernels-streams-seq,kernels-0
KERNELS,ENB_EMISSIVITY,223.0,203.181221,53.101518,138.0,293.0,179.829787,190.66024,33.712035,145.636364,288.4,275.0,269.451643,20.375141,224.0,311.0,128.0,101.485446,58.336447,0.0,273.0,56.280547,68.389797,31.040207,8.738234,136.438728,46.0,42.865728,11.971763,19,73,1.2,1.156573,0.049137,1.1,1.2,1.043182,1.055105,0.07161,0.87,1.216667,1.3,1.292113,0.026967,1.2,1.3,0.0,0.314085,0.482211,0.0,1.1,0.370707,0.307505,0.171058,0.042252,0.552602,46.0,42.865728,11.971763,19,73,1584872.0,1578030.039437,16671.68234,1535636.0,1665728.0,1431626.196078,1442748.766471,99166.034379,1204993.0,1653954.095238,1771404.0,1759205.738967,42125.640222,1584936,1772120,103996.0,494504.221596,603540.812582,102512,1553996,477540.136705,392091.392718,225029.517,39137.6759,709732.531519,46.0,42.865728,11.971763,19,73,kernels-streams-seq,kernels-0
KERNELS,EO_EMISSIVITY,223.0,203.262441,53.167263,138.0,293.0,180.130435,190.817546,33.786564,145.636364,288.4,275.0,269.512676,20.422329,224.0,311.0,128.0,101.738967,58.481501,0.0,273.0,56.189403,68.293332,31.065195,8.738234,136.438728,46.0,42.853521,12.026019,19,75,1.2,1.156667,0.049125,1.1,1.2,1.043137,1.054852,0.071666,0.87,1.216667,1.3,1.2923,0.026671,1.2,1.3,0.0,0.312019,0.481193,0.0,1.1,0.371019,0.3082,0.170808,0.042252,0.552602,46.0,42.853521,12.026019,19,75,1584872.0,1578142.022535,16761.105598,1537416.0,1665728.0,1431600.285714,1442409.722274,99243.975305,1204993.0,1653954.095238,1771404.0,1759554.584038,41448.638813,1584936,1772120,103992.0,491955.410329,602317.657449,102512,1553996,477671.927378,393020.714845,224698.25205,39137.6759,709732.531519,46.0,42.853521,12.026019,19,75,kernels-streams-seq,kernels-0
KERNELS,EVAPOTRANSPIRATION_24H,227.0,206.075117,55.819215,138.0,296.5,183.545455,196.513537,38.118867,147.037037,295.944444,276.0,270.741784,21.462023,224.0,311.0,130.0,113.012207,63.299762,0.0,282.0,54.664971,63.741992,31.350609,7.761614,136.438728,44.0,41.261033,12.633477,17,57,1.2,1.161268,0.048761,1.1,1.3,1.039474,1.044545,0.078217,0.811111,1.216667,1.3,1.296432,0.018558,1.2,1.3,0.0,0.266573,0.455883,0.0,1.1,0.38033,0.329543,0.168386,0.044234,0.576897,44.0,41.261033,12.633477,17,57,1585044.0,1583517.094836,23762.497765,1542236.0,1771328.0,1424824.487805,1429001.030293,106894.460297,1130090.222222,1653954.095238,1771412.0,1767093.964319,21468.234511,1596072,1772120,103960.0,435713.870423,571567.673857,102512,1553996,490421.565843,421354.865585,221222.729697,39770.426483,747632.764095,44.0,41.261033,12.633477,17,57,kernels-streams-seq,kernels-0
KERNELS,KB1,226.0,205.09061,54.919939,138.0,296.5,181.977273,194.524548,36.693567,147.037037,295.944444,276.0,270.333333,21.135231,224.0,311.0,129.0,108.880751,61.539521,0.0,282.0,55.419704,65.381396,31.258477,7.922212,136.438728,45.0,41.835681,12.435028,18,74,1.2,1.159671,0.048959,1.1,1.3,1.040741,1.048325,0.075758,0.85,1.216667,1.3,1.295023,0.021756,1.2,1.3,0.0,0.282066,0.465166,0.0,1.1,0.376802,0.322071,0.169293,0.043155,0.562819,45.0,41.835681,12.435028,18,74,1585008.0,1581517.778404,21155.9135,1539992.0,1771328.0,1427720.315789,1433880.384043,104095.27023,1178676.0,1653954.095238,1771412.0,1764609.983099,29548.656871,1585220,1772120,103976.0,454905.558685,582875.011704,102512,1553996,485429.930513,411428.796259,222548.05897,39137.6759,732894.170306,45.0,41.835681,12.435028,18,74,kernels-streams-seq,kernels-0
KERNELS,LAI,223.0,203.115493,53.040356,138.0,293.0,179.727273,190.531676,33.603953,145.636364,288.4,275.0,269.421596,20.353634,224.0,311.0,128.0,101.230986,58.187191,0.0,273.0,56.288542,68.491709,31.022256,9.196109,136.438728,46.0,42.897653,11.953381,20,73,1.2,1.156479,0.04915,1.1,1.2,1.043182,1.055291,0.071541,0.87,1.216667,1.3,1.292019,0.027113,1.2,1.3,0.0,0.315117,0.482715,0.0,1.1,0.370002,0.307044,0.171126,0.042252,0.552602,46.0,42.897653,11.953381,20,73,1584872.0,1577909.551174,16505.190894,1535636.0,1665728.0,1431682.461538,1442991.340918,99094.94033,1204993.0,1653954.095238,1771404.0,1759031.015962,42458.881507,1584936,1772120,103996.0,495779.012207,604148.720522,102512,1553996,477501.34332,391476.254079,225118.097791,39137.6759,709732.531519,46.0,42.897653,11.953381,20,73,kernels-streams-seq,kernels-0
KERNELS,LARGE_WAVES_RADIATION,223.5,203.373709,53.280047,138.0,293.0,180.1875,191.0389,34.019097,145.636364,288.4,275.0,269.540845,20.446438,224.0,311.0,128.0,102.247887,58.772648,0.0,273.0,56.126008,68.090141,31.097663,8.738234,136.438728,46.0,42.769014,12.021956,19,76,1.2,1.156854,0.049099,1.1,1.2,1.042857,1.054483,0.071971,0.87,1.216667,1.3,1.292394,0.026521,1.2,1.3,0.0,0.310986,0.480681,0.0,1.1,0.371607,0.30889,0.170904,0.042252,0.552602,46.0,42.769014,12.021956,19,76,1584892.0,1578304.576526,16836.33051,1537416.0,1665728.0,1431482.146341,1441923.472126,99617.034797,1204993.0,1653954.095238,1771404.0,1759729.156808,41104.461987,1584936,1772120,103992.0,490679.571831,601698.666396,102512,1553996,477968.442542,393931.095045,224827.25481,39137.6759,709732.531519,46.0,42.769014,12.021956,19,76,kernels-streams-seq,kernels-0
KERNELS,LATENT_HEAT_FLUX,227.0,205.869484,55.618754,138.0,296.5,183.311111,196.10177,37.732145,147.037037,295.944444,276.0,270.716432,21.444551,224.0,311.0,130.0,111.983099,62.899757,0.0,282.0,54.818399,64.151972,31.333206,7.874942,136.438728,44.0,41.450704,12.664172,17,74,1.2,1.160845,0.048784,1.1,1.3,1.04,1.045294,0.077627,0.811111,1.216667,1.3,1.296338,0.018791,1.2,1.3,0.0,0.267606,0.456524,0.0,1.1,0.379337,0.328318,0.168058,0.044234,0.576897,44.0,41.450704,12.664172,17,74,1585036.0,1583022.976526,23085.212052,1542236.0,1771328.0,1425775.4,1429976.122294,106195.267935,1130090.222222,1653954.095238,1771412.0,1766928.255399,22105.351419,1595084,1772120,103960.0,436992.338028,572347.405743,102512,1553996,488952.709111,419746.028827,220788.519878,39770.426483,747632.764095,44.0,41.450704,12.664172,17,74,kernels-streams-seq,kernels-0
KERNELS,NDVI,223.0,203.1,53.033736,138.0,293.0,179.488889,190.498167,33.628052,145.636364,288.4,275.0,269.392488,20.332017,224.0,311.0,128.0,101.230986,58.187191,0.0,273.0,56.288542,68.491131,31.021366,9.196109,136.438728,46.0,42.879812,11.92255,20,57,1.2,1.156479,0.04915,1.1,1.2,1.043182,1.055338,0.07157,0.87,1.216667,1.3,1.291925,0.027258,1.2,1.3,0.0,0.31615,0.483217,0.0,1.1,0.370002,0.306824,0.171315,0.042252,0.552602,46.0,42.879812,11.92255,20,57,1584872.0,1577903.015962,16519.703449,1535636.0,1665728.0,1431682.461538,1443051.73177,99131.41173,1204993.0,1653954.095238,1771404.0,1758856.443192,42789.919646,1584936,1772120,103996.0,497054.377465,604753.417935,102512,1553996,477501.34332,391179.236643,225371.478182,39137.6759,709732.531519,46.0,42.879812,11.92255,20,57,kernels-streams-seq,kernels-0
KERNELS,NET_RADIATION,223.5,203.45446,53.350875,138.0,293.0,180.340909,191.1928,34.092924,145.636364,288.4,275.0,269.6,20.500083,224.0,311.0,128.0,102.39061,58.70864,0.0,273.0,56.060041,68.011443,31.083723,8.738234,136.438728,46.0,42.752113,12.065009,19,75,1.2,1.156948,0.049085,1.1,1.2,1.042857,1.054217,0.072042,0.87,1.216667,1.3,1.292582,0.026218,1.2,1.3,0.0,0.30892,0.479647,0.0,1.1,0.372492,0.309593,0.170659,0.042252,0.552602,46.0,42.752113,12.065009,19,75,1584912.0,1578406.210329,16915.346554,1537656.0,1665728.0,1431421.043478,1441571.993294,99707.999919,1204993.0,1653954.095238,1771404.0,1760078.001878,40407.329809,1585220,1772120,103992.0,488130.069484,600454.194031,102512,1553996,477968.647565,394867.563227,224496.287909,39137.6759,709732.531519,46.0,42.752113,12.065009,19,75,kernels-streams-seq,kernels-0
KERNELS,NET_RADIATION_24H,227.0,206.02723,55.77158,138.0,296.5,183.545455,196.419586,38.020411,147.037037,295.944444,276.0,270.741784,21.462023,224.0,311.0,130.0,112.75493,63.201574,0.0,282.0,54.73558,63.843487,31.344176,7.874942,136.438728,44.0,41.311737,12.644373,17,71,1.2,1.161174,0.048782,1.1,1.3,1.039583,1.044715,0.078073,0.811111,1.216667,1.3,1.296432,0.018558,1.2,1.3,0.0,0.266573,0.455883,0.0,1.1,0.379855,0.329289,0.168242,0.044234,0.576897,44.0,41.311737,12.644373,17,71,1585040.0,1583378.428169,23521.819463,1542236.0,1771328.0,1425102.468085,1429219.48215,106732.470292,1130090.222222,1653954.095238,1771412.0,1767093.964319,21468.234511,1596072,1772120,103960.0,435713.870423,571567.673857,102512,1553996,490100.379507,421021.635607,221025.983768,39770.426483,747632.764095,44.0,41.311737,12.644373,17,71,kernels-streams-seq,kernels-0
KERNELS,P1_INITIAL_PROD,224.0,202.788732,52.618265,138.0,293.0,180.408163,189.975433,32.465215,145.636364,281.65,275.0,269.629108,20.522647,224.0,311.0,127.0,99.843192,58.518576,0.0,155.0,56.590529,69.199424,31.108789,30.952383,136.438728,47.0,43.489202,12.346582,20,76,1.2,1.155634,0.049254,1.1,1.2,1.04375,1.056258,0.06992,0.881818,1.216667,1.3,1.292676,0.026065,1.2,1.3,0.0,0.307887,0.479126,0.0,1.1,0.368002,0.306617,0.168497,0.042252,0.551739,47.0,43.489202,12.346582,20,76,1584776.0,1577271.859155,16015.316094,1537656.0,1665728.0,1432503.396226,1444255.986105,97117.632966,1215340.909091,1653954.095238,1771404.0,1760252.274178,40054.785057,1585220,1772120,103992.0,486853.378404,599823.218774,102512,1553996,474841.117075,391031.953462,221637.161892,39137.6759,704541.109248,47.0,43.489202,12.346582,20,76,kernels-streams-seq,kernels-0
KERNELS,P2_PIXEL_SEL,225.0,203.894366,53.657867,138.0,293.0,181.658537,192.117433,34.076991,145.636364,291.947368,276.0,270.164319,20.99159,224.0,311.0,128.0,103.162441,59.157469,0.0,278.0,55.960223,67.697202,31.119362,8.553581,136.438728,46.0,42.958685,12.64503,19,82,1.2,1.15723,0.049045,1.1,1.2,1.042593,1.0526,0.071943,0.87,1.216667,1.3,1.29446,0.022886,1.2,1.3,0.0,0.288263,0.468684,0.0,1.1,0.37258,0.314972,0.167116,0.042876,0.552602,46.0,42.958685,12.64503,19,82,1584916.0,1578771.198122,16817.423397,1537656.0,1665728.0,1431219.54717,1439453.132883,99544.546366,1204993.0,1653954.095238,1771412.0,1763564.649765,32433.452105,1585220,1772120,103980.0,462574.076995,587147.642401,102512,1553996,478586.191343,402126.796211,219689.209815,39137.6759,714273.271947,46.0,42.958685,12.64503,19,82,kernels-streams-seq,kernels-0
KERNELS,P3_RAH,226.0,205.012207,54.739715,138.0,296.5,182.906977,194.387764,35.90731,147.037037,295.944444,276.0,270.63662,21.384248,224.0,311.0,129.0,107.596244,60.939684,0.0,282.0,55.456407,65.89139,31.214647,7.922212,136.438728,45.0,42.275117,12.824157,18,75,1.2,1.159202,0.049049,1.1,1.3,1.041463,1.048539,0.074424,0.85,1.216667,1.3,1.296056,0.019472,1.2,1.3,0.0,0.270704,0.458428,0.0,1.1,0.375672,0.323459,0.166189,0.044234,0.562819,45.0,42.275117,12.824157,18,75,1584988.0,1580996.013146,20363.690528,1541896.0,1771328.0,1428554.153846,1434165.347281,102470.339309,1178676.0,1653954.095238,1771412.0,1766424.969014,23958.175733,1586152,1772120,103960.0,440832.529577,574670.614156,102512,1553996,484570.076317,413378.748828,218343.767385,39475.422679,732894.170306,45.0,42.275117,12.824157,18,75,kernels-streams-seq,kernels-0
KERNELS,P4_FINAL_PROD,227.0,205.882629,55.624224,138.0,296.5,183.545455,196.131347,37.712077,147.037037,295.944444,276.0,270.741784,21.462023,224.0,311.0,130.0,111.983099,62.899757,0.0,282.0,54.818399,64.151709,31.332772,7.874942,136.438728,44.0,41.466667,12.690691,17,74,1.2,1.160845,0.048784,1.1,1.3,1.04,1.045241,0.077591,0.811111,1.216667,1.3,1.296432,0.018558,1.2,1.3,0.0,0.266573,0.455883,0.0,1.1,0.379337,0.328548,0.167836,0.044234,0.576897,44.0,41.466667,12.690691,17,74,1585036.0,1583029.211268,23075.547906,1542236.0,1771328.0,1425775.4,1429907.350413,106147.949004,1130090.222222,1653954.095238,1771412.0,1767093.964319,21468.234511,1596072,1772120,103960.0,435713.870423,571567.673857,102512,1553996,488952.709111,420059.513102,220486.091549,39770.426483,747632.764095,44.0,41.466667,12.690691,17,74,kernels-streams-seq,kernels-0
KERNELS,PAI,223.0,203.165258,53.094198,138.0,293.0,179.727273,190.626912,33.729497,145.636364,288.4,275.0,269.421596,20.353634,224.0,311.0,128.0,101.485446,58.336447,0.0,273.0,56.280547,68.390494,31.04121,8.738234,136.438728,46.0,42.846948,11.940094,19,57,1.2,1.156573,0.049137,1.1,1.2,1.043182,1.055158,0.071639,0.87,1.216667,1.3,1.292019,0.027113,1.2,1.3,0.0,0.315117,0.482715,0.0,1.1,0.370707,0.307274,0.17125,0.042252,0.552602,46.0,42.846948,11.940094,19,57,1584872.0,1578022.377465,16688.002113,1535636.0,1665728.0,1431626.196078,1442819.703758,99205.20735,1204993.0,1653954.095238,1771404.0,1759031.015962,42458.881507,1584936,1772120,103996.0,495779.012207,604148.720522,102512,1553996,477540.136705,391776.424885,225285.843208,39137.6759,709732.531519,46.0,42.846948,11.940094,19,57,kernels-streams-seq,kernels-0
KERNELS,PIXEL_FILTER,225.0,203.894366,53.657867,138.0,293.0,181.658537,192.117433,34.076991,145.636364,291.947368,276.0,270.164319,20.99159,224.0,311.0,128.0,103.162441,59.157469,0.0,278.0,55.960223,67.697202,31.119362,8.553581,136.438728,46.0,42.958685,12.64503,19,82,1.2,1.15723,0.049045,1.1,1.2,1.042593,1.0526,0.071943,0.87,1.216667,1.3,1.29446,0.022886,1.2,1.3,0.0,0.288263,0.468684,0.0,1.1,0.37258,0.314972,0.167116,0.042876,0.552602,46.0,42.958685,12.64503,19,82,1584916.0,1578771.198122,16817.423397,1537656.0,1665728.0,1431219.54717,1439453.132883,99544.546366,1204993.0,1653954.095238,1771412.0,1763564.649765,32433.452105,1585220,1772120,103980.0,462574.076995,587147.642401,102512,1553996,478586.191343,402126.796211,219689.209815,39137.6759,714273.271947,46.0,42.958685,12.64503,19,82,kernels-streams-seq,kernels-0
KERNELS,P_TOTAL,184.5,169.580282,58.334129,0.0,233.0,154.114583,150.980006,11.753653,113.311828,179.145833,279.0,274.48169,24.680551,224.0,327.0,0.0,0.013146,0.121921,0.0,2.0,100.435471,96.3445,29.924673,46.017534,145.523753,94.0,94.034742,1.957181,88,107,1.1,1.1,0.0,1.1,1.1,0.994681,0.995485,0.008711,0.974468,1.044444,1.3,1.3,0.0,1.3,1.3,0.0,0.0,0.0,0.0,0.0,0.347163,0.345867,0.009928,0.280093,0.370102,94.0,94.034742,1.957181,88,107,1517816.0,1517756.769953,2844.996028,1508684.0,1537080.0,1369461.914894,1370599.146237,11575.9749,1340967.06383,1434749.733333,1771432.0,1771428.837559,268.357082,1770184,1772292,10720.0,17936.041315,21125.114634,10240,104412,448520.903662,446754.175538,12968.282196,360221.608923,478603.038092,94.0,94.034742,1.957181,88,107,kernels-streams-seq,kernels-0
KERNELS,RADIANCE,223.0,202.556808,52.510671,138.0,293.0,179.042553,189.485824,32.779973,145.636364,281.65,274.0,269.188732,20.175524,224.0,311.0,127.0,99.843192,58.518576,0.0,155.0,56.590529,69.20213,31.112535,30.952383,136.438728,47.0,43.210329,11.852353,20,75,1.2,1.155634,0.049254,1.1,1.2,1.04375,1.057087,0.070364,0.881818,1.216667,1.3,1.291268,0.028244,1.2,1.3,0.0,0.32338,0.486653,0.0,1.1,0.368002,0.303127,0.171333,0.041682,0.551739,47.0,43.210329,11.852353,20,75,1584776.0,1577175.059155,16230.336147,1535088.0,1665728.0,1432503.396226,1445348.023128,97693.028623,1215340.909091,1653954.095238,1771404.0,1757633.832864,45016.760818,1584936,1772120,104004.0,505971.15493,608879.682841,102512,1553996,474841.117075,386322.052674,225433.369544,39137.6759,704541.109248,47.0,43.210329,11.852353,20,75,kernels-streams-seq,kernels-0
KERNELS,RAH_CYCLE,226.0,205.430516,55.190101,138.0,296.5,182.906977,195.212724,36.938934,147.037037,295.944444,276.0,270.610329,21.359158,224.0,311.0,129.0,109.913615,62.010217,0.0,282.0,55.144456,64.971909,31.291228,7.922212,136.438728,44.0,41.795305,12.662009,18,73,1.2,1.160094,0.048946,1.1,1.3,1.040476,1.047044,0.076028,0.85,1.216667,1.3,1.295962,0.019693,1.2,1.3,0.0,0.271737,0.459056,0.0,1.1,0.377335,0.325415,0.167711,0.044234,0.562819,44.0,41.795305,12.662009,18,73,1585016.0,1582081.70892,21959.786144,1542236.0,1771328.0,1427238.761905,1432238.378189,104331.447324,1178676.0,1653954.095238,1771412.0,1766250.846948,24590.332905,1585572,1772120,103964.0,442113.025352,575436.965676,102512,1553996,486931.125706,415906.248904,220368.422936,39475.422679,732894.170306,44.0,41.795305,12.662009,18,73,kernels-streams-seq,kernels-0
KERNELS,RAH_INI,226.0,205.182629,54.993692,138.0,296.5,182.177778,194.712714,36.757328,147.037037,295.944444,276.0,270.415962,21.197796,224.0,311.0,129.0,109.142723,61.669294,0.0,282.0,55.308404,65.276571,31.262825,7.922212,136.438728,45.0,41.834742,12.50725,18,75,1.2,1.159765,0.04894,1.1,1.3,1.040625,1.047993,0.075804,0.85,1.216667,1.3,1.295305,0.021163,1.2,1.3,0.0,0.278967,0.463365,0.0,1.1,0.37684,0.323001,0.168795,0.043155,0.562819,45.0,41.834742,12.50725,18,75,1585008.0,1581675.524883,21388.975444,1539992.0,1771328.0,1427572.093023,1433455.911404,104128.882955,1178676.0,1653954.095238,1771412.0,1765105.156808,28150.538039,1585220,1772120,103968.0,451064.706103,580676.82642,102512,1553996,485725.405236,412679.061767,221863.329908,39475.422679,732894.170306,45.0,41.834742,12.50725,18,75,kernels-streams-seq,kernels-0
KERNELS,REFLECTANCE,223.0,202.711737,52.641503,138.0,293.0,179.276596,189.791753,32.925359,145.636364,281.65,274.0,269.304225,20.266399,224.0,311.0,127.0,100.126761,58.399695,0.0,155.0,56.517108,69.041518,31.0868,30.952383,136.438728,47.0,43.184038,11.954563,20,76,1.2,1.155822,0.049232,1.1,1.2,1.04359,1.056564,0.070545,0.881818,1.216667,1.3,1.291643,0.027687,1.2,1.3,0.0,0.319249,0.484705,0.0,1.1,0.368218,0.304524,0.170865,0.041682,0.551739,47.0,43.184038,11.954563,20,76,1584812.0,1577337.312676,16215.814116,1535636.0,1665728.0,1432156.583333,1444660.289114,97901.590143,1215340.909091,1653954.095238,1771404.0,1758332.424413,43761.298783,1584936,1772120,103996.0,500874.674178,606540.089443,102512,1553996,475131.24701,388173.665236,224798.190693,39137.6759,704541.109248,47.0,43.184038,11.954563,20,76,kernels-streams-seq,kernels-0
KERNELS,SENSIBLE_HEAT_FLUX,226.0,205.780751,55.548555,138.0,296.5,183.022222,195.914859,37.683779,147.037037,295.944444,276.0,270.63662,21.384248,224.0,311.0,130.0,111.722066,62.786888,0.0,282.0,54.820235,64.254684,31.329063,7.874942,136.438728,44.0,41.451643,12.590117,17,72,1.2,1.160751,0.048805,1.1,1.3,1.04,1.045643,0.077561,0.811111,1.216667,1.3,1.296056,0.019472,1.2,1.3,0.0,0.270704,0.458428,0.0,1.1,0.378919,0.327389,0.168579,0.044234,0.576897,44.0,41.451643,12.590117,17,72,1585036.0,1582898.377465,22997.18803,1542236.0,1771328.0,1426322.434783,1430431.864782,106122.469379,1130090.222222,1653954.095238,1771412.0,1766424.969014,23958.175733,1586152,1772120,103960.0,440832.529577,574670.614156,102512,1553996,488673.22043,418491.37184,221505.886363,39475.422679,747632.764095,44.0,41.451643,12.590117,17,72,kernels-streams-seq,kernels-0
KERNELS,SHORT_WAVE_RADIATION,223.0,203.358685,53.272812,138.0,293.0,180.130435,191.007258,34.038156,145.636364,288.4,275.0,269.512676,20.422329,224.0,311.0,128.0,102.247887,58.772648,0.0,273.0,56.126008,68.090744,31.098598,8.738234,136.438728,46.0,42.750235,11.985563,19,57,1.2,1.156854,0.049099,1.1,1.2,1.042857,1.054536,0.072002,0.87,1.216667,1.3,1.2923,0.026671,1.2,1.3,0.0,0.312019,0.481193,0.0,1.1,0.371607,0.308659,0.171096,0.042252,0.552602,46.0,42.750235,11.985563,19,57,1584892.0,1578299.168075,16847.812563,1537416.0,1665728.0,1431482.146341,1441994.306211,99657.210461,1204993.0,1653954.095238,1771404.0,1759554.584038,41448.638813,1584936,1772120,103992.0,491955.410329,602317.657449,102512,1553996,477968.442542,393618.149214,225086.301432,39137.6759,709732.531519,46.0,42.750235,11.985563,19,57,kernels-streams-seq,kernels-0
KERNELS,SOIL_HEAT_FLUX,224.0,203.568545,53.468642,138.0,293.0,180.408163,191.416254,34.336084,145.636364,291.947368,275.0,269.629108,20.522647,224.0,311.0,128.0,102.907042,59.014843,0.0,278.0,55.966823,67.807966,31.115938,8.553581,136.438728,46.0,42.665728,12.062299,19,74,1.2,1.157136,0.049058,1.1,1.2,1.042593,1.053819,0.072408,0.87,1.216667,1.3,1.292676,0.026065,1.2,1.3,0.0,0.307887,0.479126,0.0,1.1,0.37253,0.310296,0.170773,0.042252,0.552602,46.0,42.665728,12.062299,19,74,1584916.0,1578573.24507,16978.756659,1537656.0,1665728.0,1431236.0,1441051.249414,100143.343002,1204993.0,1653954.095238,1771404.0,1760252.274178,40054.785057,1585220,1772120,103992.0,486853.378404,599823.218774,102512,1553996,478254.765363,395797.750705,224642.547285,39137.6759,714273.271947,46.0,42.665728,12.062299,19,74,kernels-streams-seq,kernels-0
KERNELS,SURFACE_TEMPERATURE,223.0,203.358685,53.272812,138.0,293.0,180.130435,191.007258,34.038156,145.636364,288.4,275.0,269.512676,20.422329,224.0,311.0,128.0,102.247887,58.772648,0.0,273.0,56.126008,68.090744,31.098598,8.738234,136.438728,46.0,42.750235,11.985563,19,57,1.2,1.156854,0.049099,1.1,1.2,1.042857,1.054536,0.072002,0.87,1.216667,1.3,1.2923,0.026671,1.2,1.3,0.0,0.312019,0.481193,0.0,1.1,0.371607,0.308659,0.171096,0.042252,0.552602,46.0,42.750235,11.985563,19,57,1584892.0,1578299.168075,16847.812563,1537416.0,1665728.0,1431482.146341,1441994.306211,99657.210461,1204993.0,1653954.095238,1771404.0,1759554.584038,41448.638813,1584936,1772120,103992.0,491955.410329,602317.657449,102512,1553996,477968.442542,393618.149214,225086.301432,39137.6759,709732.531519,46.0,42.750235,11.985563,19,57,kernels-streams-seq,kernels-0
KERNELS,USTAR,226.0,204.977934,54.81408,138.0,296.5,181.829268,194.298057,36.502722,147.037037,295.944444,276.0,270.306103,21.106608,224.0,311.0,129.0,108.371831,61.316653,0.0,282.0,55.43233,65.58605,31.242341,7.922212,136.438728,45.0,41.920188,12.434498,18,74,1.2,1.159484,0.048996,1.1,1.3,1.041026,1.048726,0.075436,0.85,1.216667,1.3,1.29493,0.02195,1.2,1.3,0.0,0.283099,0.46576,0.0,1.1,0.376642,0.321352,0.169207,0.043155,0.562819,45.0,41.920188,12.434498,18,74,1585004.0,1581269.601878,20841.851622,1539432.0,1771328.0,1428177.333333,1434403.087412,103709.940035,1178676.0,1653954.095238,1771412.0,1764435.710798,30052.352146,1585220,1772120,103976.0,456182.704225,583594.209256,102512,1553996,484829.907114,410482.293348,222441.691885,39137.6759,732894.170306,45.0,41.920188,12.434498,18,74,kernels-streams-seq,kernels-0
KERNELS,ZOM,225.5,204.947887,54.802588,138.0,296.5,181.795455,194.232432,36.555124,145.636364,295.944444,276.0,270.249765,21.068666,224.0,311.0,129.0,108.371831,61.316653,0.0,282.0,55.43233,65.584687,31.240096,7.922212,136.438728,45.0,41.885446,12.373192,18,57,1.2,1.159484,0.048996,1.1,1.3,1.041026,1.048842,0.075504,0.85,1.216667,1.3,1.294742,0.02233,1.2,1.3,0.0,0.285164,0.466939,0.0,1.1,0.376642,0.320876,0.169632,0.042876,0.562819,45.0,41.885446,12.373192,18,57,1585004.0,1581260.662911,20859.020512,1537656.0,1771328.0,1428177.333333,1434555.83886,103799.791093,1178676.0,1653954.095238,1771412.0,1764087.466667,31027.213031,1585220,1772120,103980.0,458735.909859,585021.443784,102512,1553996,484829.907114,409841.138523,223013.794723,39137.6759,732894.170306,45.0,41.885446,12.373192,18,57,kernels-streams-seq,kernels-0
SERIAL,P0_READ_INPUT,170.0,136.059624,80.71477,0.0,228.0,154.139535,144.396719,21.728921,100.406977,179.145833,274.0,269.128638,20.131228,224.0,311.0,0.0,0.013146,0.121921,0.0,2.0,100.435471,94.687329,27.65987,48.050267,138.782796,93.0,90.028169,6.277208,72,106,1.1,1.1,0.0,1.1,1.1,1.002083,1.010698,0.022342,0.977174,1.075269,1.3,1.29108,0.028517,1.2,1.3,0.0,0.0,0.0,0.0,0.0,0.339275,0.32019,0.035128,0.250051,0.364979,93.0,90.028169,6.277208,72,106,1518368.0,1518719.030986,4255.512326,1500368.0,1539596.0,1378360.042105,1390500.104751,29302.227946,1346311.652174,1476822.752688,1771400.0,1757284.537089,45628.608101,1584676,1772120,10720.0,17936.041315,21125.114634,10240,104412,438710.955098,413404.607737,45677.664036,318774.16014,471756.720682,93.0,90.028169,6.277208,72,106,kernels-streams-seq,kernels-0
SERIAL,P5_COPY_HOST,232.0,206.894836,56.214356,138.0,296.5,186.232558,198.339121,36.855856,148.722222,295.944444,278.0,272.255399,22.751984,224.0,316.0,130.0,113.012207,63.299762,0.0,282.0,54.664971,63.707451,31.291397,7.761614,136.438728,44.0,42.25446,14.213267,17,82,1.2,1.161268,0.048761,1.1,1.3,1.039474,1.040373,0.075236,0.811111,1.216667,1.3,1.3,0.0,1.3,1.3,0.0,0.199437,0.406479,0.0,1.1,0.38033,0.344846,0.152868,0.055952,0.576897,44.0,42.25446,14.213267,17,82,1585044.0,1583622.781221,23615.639792,1545744.0,1771328.0,1424824.487805,1423536.907145,102919.152247,1130090.222222,1653954.095238,1771428.0,1771426.584038,268.179761,1770184,1772292,103928.0,352163.290141,510610.001323,102512,1553996,490421.565843,442129.583724,200064.649128,57292.237581,747632.764095,44.0,42.25446,14.213267,17,82,kernels-streams-seq,kernels-0
SERIAL,P6_SAVE_PRODS,241.0,211.03662,59.746976,138.0,302.5,190.287879,207.307468,40.410826,155.435484,302.5,279.0,274.370892,24.592592,224.0,327.0,133.0,129.6723,67.577251,0.0,292.0,52.27778,56.928233,30.354108,5.915151,135.469069,40.0,40.415023,15.581418,13,81,1.2,1.16723,0.053111,0.8,1.3,1.034,1.01364,0.07859,0.72,1.164815,1.3,1.3,0.0,1.3,1.3,0.0,0.048732,0.191896,0.0,1.1,0.396386,0.395271,0.116149,0.073449,0.606321,40.0,40.415023,15.581418,13,81,1585104.0,1586911.746479,41093.526965,1137452.0,1771888.0,1414173.0,1388435.280086,105180.285405,1002902.933333,1595648.074074,1771432.0,1771428.837559,268.357082,1770184,1772292,103848.0,162284.495775,236138.280791,102512,1502836,510692.606601,509190.029549,150079.439516,82357.99169,783658.146109,40.0,40.415023,15.581418,13,81,kernels-streams-seq,kernels-0
