STRATEGY,PHASE,TIMESTAMP_count,TIMESTAMP_median,TIMESTAMP_mean,TIMESTAMP_std,TIMESTAMP_min,TIMESTAMP_max,strategy,algorithm
SERIAL,P0_READ_INPUT,1065,1337.146606,1342.585363,18.395829,1317.727783,1430.657227,kernels-streams-seq,kernels-0
KERNELS,RADIANCE,1065,0.530208,0.538256,0.032629,0.475136,0.622592,kernels-streams-seq,kernels-0
KERNELS,REFLECTANCE,1065,3.370976,3.48229,0.152629,3.349504,3.719136,kernels-streams-seq,kernels-0
KERNELS,ALBEDO,1065,1.753088,1.753896,0.003824,1.747584,1.805312,kernels-streams-seq,kernels-0
KERNELS,NDVI,1065,0.671744,0.671788,0.001875,0.6656,0.6912,kernels-streams-seq,kernels-0
KERNELS,LAI,1065,0.772032,0.781632,0.015238,0.764928,0.812032,kernels-streams-seq,kernels-0
KERNELS,PAI,1065,0.717856,0.723121,0.00795,0.714752,0.740352,kernels-streams-seq,kernels-0
KERNELS,ENB_EMISSIVITY,1065,0.560064,0.564845,0.007877,0.557056,0.58368,kernels-streams-seq,kernels-0
KERNELS,EO_EMISSIVITY,1065,0.559104,0.563869,0.007611,0.556032,0.579296,kernels-streams-seq,kernels-0
KERNELS,EA_EMISSIVITY,1065,0.510976,0.521299,0.015863,0.505632,0.55808,kernels-streams-seq,kernels-0
KERNELS,SURFACE_TEMPERATURE,1065,0.68368,0.687909,0.00726,0.680864,0.702336,kernels-streams-seq,kernels-0
KERNELS,SHORT_WAVE_RADIATION,1065,0.497664,0.509375,0.018216,0.492544,0.542592,kernels-streams-seq,kernels-0
KERNELS,LARGE_WAVES_RADIATION,1065,1.127424,1.127802,0.001621,1.123328,1.144832,kernels-streams-seq,kernels-0
KERNELS,NET_RADIATION,1065,1.312768,1.31317,0.001746,1.31072,1.352704,kernels-streams-seq,kernels-0
KERNELS,SOIL_HEAT_FLUX,1065,0.833536,0.836383,0.005238,0.830432,0.862208,kernels-streams-seq,kernels-0
KERNELS,P1_INITIAL_PROD,1065,14.002432,14.179308,0.261166,13.90368,14.750752,kernels-streams-seq,kernels-0
KERNELS,PIXEL_FILTER,1065,14.62272,15.28705,1.253297,14.296064,24.805311,kernels-streams-seq,kernels-0
KERNELS,P2_PIXEL_SEL,1065,14.939136,15.605257,1.258704,14.604128,25.192385,kernels-streams-seq,kernels-0
KERNELS,D0,1065,0.651264,0.661692,0.021557,0.64016,0.719968,kernels-streams-seq,kernels-0
KERNELS,ZOM,1065,0.750688,0.752881,0.004221,0.748544,0.789504,kernels-streams-seq,kernels-0
KERNELS,USTAR,1065,0.716704,0.717871,0.003381,0.713728,0.73728,kernels-streams-seq,kernels-0
KERNELS,KB1,1065,1.625984,1.645688,0.044673,1.601536,1.748992,kernels-streams-seq,kernels-0
KERNELS,RAH_INI,1065,1.103744,1.104492,0.002803,1.1008,1.127424,kernels-streams-seq,kernels-0
KERNELS,RAH_CYCLE,1065,5.801856,5.8576,0.14833,5.700416,6.242304,kernels-streams-seq,kernels-0
KERNELS,SENSIBLE_HEAT_FLUX,1065,0.676864,0.677605,0.003939,0.67072,0.723968,kernels-streams-seq,kernels-0
KERNELS,P3_RAH,1065,11.995136,12.142308,0.595083,11.8528,21.374975,kernels-streams-seq,kernels-0
KERNELS,LATENT_HEAT_FLUX,1065,0.879616,0.879988,0.002783,0.876544,0.927744,kernels-streams-seq,kernels-0
KERNELS,NET_RADIATION_24H,1065,0.493408,0.500187,0.016567,0.487296,0.559936,kernels-streams-seq,kernels-0
KERNELS,EVAPOTRANSPIRATION_24H,1065,1.332224,1.333595,0.003208,1.330176,1.373184,kernels-streams-seq,kernels-0
KERNELS,P4_FINAL_PROD,1065,2.729984,2.738461,0.020153,2.721792,2.839552,kernels-streams-seq,kernels-0
SERIAL,P5_COPY_HOST,1065,63.061264,63.039777,0.948447,60.781937,69.599831,kernels-streams-seq,kernels-0
SERIAL,P6_SAVE_PRODS,1065,57.39655,57.447846,1.436566,55.00996,61.901241,kernels-streams-seq,kernels-0
KERNELS,P_TOTAL,1065,1720.65,1729.205756,44.920688,1646.89,2168.68,kernels-streams-seq,kernels-0
