STRATEGY,PHASE,CPU_USAGE_PERCENTAGE_median_median,CPU_USAGE_PERCENTAGE_median_mean,CPU_USAGE_PERCENTAGE_median_std,CPU_USAGE_PERCENTAGE_median_min,CPU_USAGE_PERCENTAGE_median_max,CPU_USAGE_PERCENTAGE_mean_median,CPU_USAGE_PERCENTAGE_mean_mean,CPU_USAGE_PERCENTAGE_mean_std,CPU_USAGE_PERCENTAGE_mean_min,CPU_USAGE_PERCENTAGE_mean_max,CPU_USAGE_PERCENTAGE_max_median,CPU_USAGE_PERCENTAGE_max_mean,CPU_USAGE_PERCENTAGE_max_std,CPU_USAGE_PERCENTAGE_max_min,CPU_USAGE_PERCENTAGE_max_max,CPU_USAGE_PERCENTAGE_min_median,CPU_USAGE_PERCENTAGE_min_mean,CPU_USAGE_PERCENTAGE_min_std,CPU_USAGE_PERCENTAGE_min_min,CPU_USAGE_PERCENTAGE_min_max,CPU_USAGE_PERCENTAGE_std_median,CPU_USAGE_PERCENTAGE_std_mean,CPU_USAGE_PERCENTAGE_std_std,CPU_USAGE_PERCENTAGE_std_min,CPU_USAGE_PERCENTAGE_std_max,CPU_USAGE_PERCENTAGE_count_median,CPU_USAGE_PERCENTAGE_count_mean,CPU_USAGE_PERCENTAGE_count_std,CPU_USAGE_PERCENTAGE_count_min,CPU_USAGE_PERCENTAGE_count_max,MEM_USAGE_PERCENTAGE_median_median,MEM_USAGE_PERCENTAGE_median_mean,MEM_USAGE_PERCENTAGE_median_std,MEM_USAGE_PERCENTAGE_median_min,MEM_USAGE_PERCENTAGE_median_max,MEM_USAGE_PERCENTAGE_mean_median,MEM_USAGE_PERCENTAGE_mean_mean,MEM_USAGE_PERCENTAGE_mean_std,MEM_USAGE_PERCENTAGE_mean_min,MEM_USAGE_PERCENTAGE_mean_max,MEM_USAGE_PERCENTAGE_max_median,MEM_USAGE_PERCENTAGE_max_mean,MEM_USAGE_PERCENTAGE_max_std,MEM_USAGE_PERCENTAGE_max_min,MEM_USAGE_PERCENTAGE_max_max,MEM_USAGE_PERCENTAGE_min_median,MEM_USAGE_PERCENTAGE_min_mean,MEM_USAGE_PERCENTAGE_min_std,MEM_USAGE_PERCENTAGE_min_min,MEM_USAGE_PERCENTAGE_min_max,MEM_USAGE_PERCENTAGE_std_median,MEM_USAGE_PERCENTAGE_std_mean,MEM_USAGE_PERCENTAGE_std_std,MEM_USAGE_PERCENTAGE_std_min,MEM_USAGE_PERCENTAGE_std_max,MEM_USAGE_PERCENTAGE_count_median,MEM_USAGE_PERCENTAGE_count_mean,MEM_USAGE_PERCENTAGE_count_std,MEM_USAGE_PERCENTAGE_count_min,MEM_USAGE_PERCENTAGE_count_max,MEM_USAGE_MB_median_median,MEM_USAGE_MB_median_mean,MEM_USAGE_MB_median_std,MEM_USAGE_MB_median_min,MEM_USAGE_MB_median_max,MEM_USAGE_MB_mean_median,MEM_USAGE_MB_mean_mean,MEM_USAGE_MB_mean_std,MEM_USAGE_MB_mean_min,MEM_USAGE_MB_mean_max,MEM_USAGE_MB_max_median,MEM_USAGE_MB_max_mean,MEM_USAGE_MB_max_std,MEM_USAGE_MB_max_min,MEM_USAGE_MB_max_max,MEM_USAGE_MB_min_median,MEM_USAGE_MB_min_mean,MEM_USAGE_MB_min_std,MEM_USAGE_MB_min_min,MEM_USAGE_MB_min_max,MEM_USAGE_MB_std_median,MEM_USAGE_MB_std_mean,MEM_USAGE_MB_std_std,MEM_USAGE_MB_std_min,MEM_USAGE_MB_std_max,MEM_USAGE_MB_count_median,MEM_USAGE_MB_count_mean,MEM_USAGE_MB_count_std,MEM_USAGE_MB_count_min,MEM_USAGE_MB_count_max,strategy,algorithm
KERNELS,ALB_NDVI_LAI_PAI_E,329.0,312.967727,54.123533,0.0,386.5,224.689642,231.282631,29.444687,173.081081,335.0,365.0,368.027273,11.96557,341.0,421.0,0.0,42.175455,77.027447,0.0,202.0,164.806742,147.169745,38.836613,66.018562,201.433366,45.0,44.135455,7.778837,23,78,1.2,1.167409,0.057266,1.0,1.3,1.031698,1.034941,0.130724,0.695833,1.289286,1.3,1.293909,0.023927,1.2,1.3,0.0,0.292,0.44596,0.0,1.2,0.319745,0.328692,0.186277,0.031497,0.616409,45.0,44.135455,7.778837,23,78,1588296.0,1600211.830909,62785.226039,1519892.0,1784324.0,1463910.601852,1485116.876593,103576.731286,1210521.684211,1756348.0,1774608.0,1765375.003636,38508.210057,1588064.0,1788240.0,107504.0,466705.229091,577576.363411,10240.0,1590916.0,408591.876899,369303.950793,188088.204303,48285.130907,712658.159287,45.0,42.164545,9.085241,18,73,kernels-pc,kernels-0
KERNELS,D0,331.0,313.297273,55.595288,0.0,386.5,224.689642,232.83094,32.242469,173.081081,339.826087,365.0,368.51,11.652338,341.0,421.0,0.0,47.764545,80.45417,0.0,202.0,164.806742,145.824844,40.463723,60.754705,201.433366,45.0,43.337273,7.818219,22,55,1.2,1.169136,0.061854,0.7,1.3,1.031915,1.029507,0.138141,0.65,1.290909,1.3,1.295818,0.020026,1.2,1.3,0.0,0.293091,0.446712,0.0,1.2,0.323754,0.335017,0.191477,0.029194,0.623928,45.0,43.337273,7.818219,22,55,1588448.0,1605557.829091,65155.656602,1520992.0,1784324.0,1464479.957529,1484250.051059,106662.52294,1209405.777778,1761252.121212,1774630.0,1768920.312727,29663.454964,1588180.0,1788240.0,107578.0,471077.650909,576433.265875,10240.0,1590916.0,413036.346451,375252.722009,194403.223196,43185.850096,728435.353423,44.0,41.273636,9.385226,16,55,kernels-pc,kernels-0
KERNELS,EVAPOTRANSPIRATION_24H,331.0,312.825455,56.644968,0.0,386.5,224.689642,233.493719,33.196641,173.081081,352.954545,365.0,368.798182,11.435669,345.0,421.0,0.0,49.951818,81.636082,0.0,202.0,164.806742,145.139687,41.166438,51.917517,201.433366,45.0,43.201818,8.148374,21,81,1.2,1.169773,0.064889,0.7,1.3,1.031915,1.02701,0.140646,0.65,1.290909,1.3,1.297182,0.016557,1.2,1.3,0.0,0.293091,0.446712,0.0,1.2,0.327327,0.338545,0.193658,0.029194,0.623928,45.0,43.201818,8.148374,21,81,1588498.0,1608202.047273,66377.620882,1525252.0,1784324.0,1464898.880952,1483995.521328,107579.620684,1200191.058824,1761252.121212,1774660.0,1771425.185455,21134.17694,1589976.0,1788240.0,107600.0,472179.934545,575645.658022,10240.0,1590916.0,416123.392075,378419.240732,197011.656791,43185.850096,739028.236542,44.0,41.070909,9.694255,16,76,kernels-pc,kernels-0
KERNELS,KB1,331.0,313.013636,55.957399,0.0,386.5,224.689642,232.900786,32.279883,173.081081,339.826087,365.0,368.555455,11.591454,341.0,421.0,0.0,48.256364,80.711698,0.0,202.0,164.806742,145.703782,40.573124,60.754705,201.433366,45.0,43.301818,7.843661,22,55,1.2,1.169682,0.062123,0.7,1.3,1.031915,1.029134,0.138383,0.65,1.290909,1.3,1.296091,0.01939,1.2,1.3,0.0,0.293091,0.446712,0.0,1.2,0.324523,0.335768,0.191942,0.029194,0.623928,45.0,43.301818,7.843661,22,55,1588452.0,1606230.767273,65617.843398,1520992.0,1784324.0,1464626.469388,1484390.486259,106571.571675,1209405.777778,1761252.121212,1774632.0,1769425.912727,28127.417056,1588856.0,1788240.0,107578.0,471339.716364,576245.50609,10240.0,1590916.0,413851.963365,375868.803931,194859.790972,43185.850096,728435.353423,44.0,41.224545,9.41663,16,55,kernels-pc,kernels-0
KERNELS,LARGE_WAVES,330.0,312.875909,54.868407,0.0,386.5,224.689642,231.747499,30.414099,173.081081,335.0,365.0,368.085455,11.931178,341.0,421.0,0.0,44.381818,78.450912,0.0,202.0,164.806742,146.747801,39.397163,66.018562,201.433366,45.0,43.674545,7.479878,22,66,1.2,1.168455,0.058026,1.0,1.3,1.031698,1.033193,0.133263,0.695833,1.289286,1.3,1.294091,0.02359,1.2,1.3,0.0,0.292,0.44596,0.0,1.2,0.319745,0.330538,0.188058,0.031497,0.617441,45.0,43.674545,7.479878,22,66,1588386.0,1602078.152727,63806.0151,1519892.0,1784324.0,1463910.601852,1484709.806753,104455.238955,1210521.684211,1756348.0,1774608.0,1765712.894545,37763.366645,1588064.0,1788240.0,107536.0,467824.821818,576785.818028,10240.0,1590916.0,408591.876899,371291.960008,190258.365001,48285.130907,712704.156935,44.0,41.694545,8.993546,17,61,kernels-pc,kernels-0
KERNELS,LATENT_HEAT_FLUX,331.0,312.831818,56.642345,0.0,386.5,224.689642,233.472522,33.190726,173.081081,352.954545,365.0,368.770909,11.472096,345.0,421.0,0.0,49.951818,81.636082,0.0,202.0,164.806742,145.169807,41.151325,51.917517,201.433366,45.0,43.142727,8.0114,21,55,1.2,1.169773,0.064889,0.7,1.3,1.031915,1.027115,0.14061,0.65,1.290909,1.3,1.297,0.017066,1.2,1.3,0.0,0.293091,0.446712,0.0,1.2,0.327195,0.3383,0.193597,0.029194,0.623928,45.0,43.142727,8.0114,21,55,1588498.0,1608122.338182,66446.781073,1525252.0,1784324.0,1464898.880952,1483965.837447,107607.734089,1200191.058824,1761252.121212,1774648.0,1771093.985455,22453.033299,1589916.0,1788240.0,107600.0,472179.934545,575645.658022,10240.0,1590916.0,415995.441888,378242.426877,196939.874734,43185.850096,739028.236542,44.0,41.020909,9.59899,16,55,kernels-pc,kernels-0
KERNELS,NET_RADIATION_24H,331.0,312.831818,56.642345,0.0,386.5,224.689642,233.472522,33.190726,173.081081,352.954545,365.0,368.770909,11.472096,345.0,421.0,0.0,49.951818,81.636082,0.0,202.0,164.806742,145.169807,41.151325,51.917517,201.433366,45.0,43.142727,8.0114,21,55,1.2,1.169773,0.064889,0.7,1.3,1.031915,1.027115,0.14061,0.65,1.290909,1.3,1.297,0.017066,1.2,1.3,0.0,0.293091,0.446712,0.0,1.2,0.327195,0.3383,0.193597,0.029194,0.623928,45.0,43.142727,8.0114,21,55,1588498.0,1608122.338182,66446.781073,1525252.0,1784324.0,1464898.880952,1483965.837447,107607.734089,1200191.058824,1761252.121212,1774648.0,1771093.985455,22453.033299,1589916.0,1788240.0,107600.0,472179.934545,575645.658022,10240.0,1590916.0,415995.441888,378242.426877,196939.874734,43185.850096,739028.236542,44.0,41.020909,9.59899,16,55,kernels-pc,kernels-0
KERNELS,NET_RADIATION_SOIL_HEAT,330.0,312.965455,54.883135,0.0,386.5,224.689642,231.90057,30.632671,173.081081,335.0,365.0,368.205455,11.846284,341.0,421.0,0.0,44.552727,78.558846,0.0,202.0,164.806742,146.648123,39.499389,66.018562,201.433366,45.0,43.757273,7.688912,22,78,1.2,1.168545,0.057997,1.0,1.3,1.031698,1.032644,0.133743,0.695833,1.289286,1.3,1.294545,0.022719,1.2,1.3,0.0,0.292,0.44596,0.0,1.2,0.321328,0.331301,0.188399,0.031497,0.617441,45.0,43.757273,7.688912,22,78,1588388.0,1602291.098182,63663.217473,1519892.0,1784324.0,1463910.601852,1484594.216165,104626.206738,1210521.684211,1756348.0,1774612.0,1766557.403636,35828.789769,1588128.0,1788240.0,107536.0,467896.207273,576736.191012,10240.0,1590916.0,408866.155907,371889.071937,190642.531335,48285.130907,712704.156935,44.0,41.753636,9.141603,17,73,kernels-pc,kernels-0
KERNELS,P1_INITIAL_PROD,329.0,313.306364,53.565529,0.0,386.5,224.689642,231.285643,29.314913,173.081081,335.0,365.0,368.205455,11.846284,341.0,421.0,0.0,40.849091,76.165777,0.0,202.0,164.806742,147.293073,38.624124,66.018562,201.433366,46.0,44.614545,8.328917,23,79,1.2,1.166227,0.056657,1.0,1.3,1.031698,1.034772,0.130165,0.695833,1.286667,1.3,1.294545,0.022719,1.2,1.3,0.0,0.290909,0.445204,0.0,1.2,0.321328,0.328973,0.185513,0.034575,0.616409,46.0,44.614545,8.328917,23,79,1588264.0,1599132.274545,61366.852392,1519892.0,1784324.0,1463348.387097,1484763.162386,103155.297945,1210521.684211,1753029.333333,1774612.0,1766557.403636,35828.789769,1588128.0,1788240.0,107488.0,464706.647273,577143.011669,10240.0,1590916.0,408866.155907,369364.367786,187185.073128,55127.972731,712333.358975,45.0,42.610909,9.442199,18,75,kernels-pc,kernels-0
KERNELS,P2_PIXEL_SEL,330.0,313.17,55.061891,0.0,386.5,224.689642,232.342996,31.244203,173.081081,335.26087,365.0,368.51,11.652338,341.0,421.0,0.0,45.399091,79.076746,0.0,202.0,164.806742,146.322125,39.832141,65.844294,201.433366,45.0,43.898182,8.162287,22,76,1.2,1.168955,0.05808,1.0,1.3,1.031915,1.031118,0.135284,0.695833,1.289286,1.3,1.295818,0.020026,1.2,1.3,0.0,0.292,0.44596,0.0,1.2,0.323754,0.333531,0.189533,0.031497,0.617441,45.0,43.898182,8.162287,22,76,1588420.0,1603333.556364,63715.549088,1520992.0,1784324.0,1464157.642619,1484447.504506,105147.854254,1210521.684211,1756348.0,1774630.0,1768920.312727,29663.454964,1588180.0,1788240.0,107546.0,468290.476364,576458.01119,10240.0,1590916.0,413495.185543,373681.308937,191946.577275,48285.130907,712704.156935,44.5,41.834545,9.51814,17,76,kernels-pc,kernels-0
KERNELS,P3_RAH,331.0,313.368636,55.597448,0.0,386.5,224.689642,233.057166,32.386518,173.081081,339.826087,365.0,368.770909,11.472096,345.0,421.0,0.0,47.764545,80.45417,0.0,202.0,164.806742,145.663857,40.547381,60.754705,201.433366,45.0,43.667273,8.441751,22,80,1.2,1.169136,0.061854,0.7,1.3,1.031915,1.028636,0.138537,0.65,1.290909,1.3,1.297,0.017066,1.2,1.3,0.0,0.293091,0.446712,0.0,1.2,0.327195,0.336613,0.191921,0.029194,0.623928,45.0,43.667273,8.441751,22,80,1588448.0,1605939.865455,64819.544259,1525252.0,1784324.0,1464479.957529,1484214.520587,106760.285982,1209405.777778,1761252.121212,1774648.0,1771093.985455,22453.033299,1589916.0,1788240.0,107578.0,471077.650909,576433.265875,10240.0,1590916.0,415995.441888,376369.47604,194881.665124,43185.850096,728435.353423,44.0,41.545455,9.812284,16,75,kernels-pc,kernels-0
KERNELS,P4_FINAL_PROD,331.0,312.825455,56.644968,0.0,386.5,224.689642,233.493719,33.196641,173.081081,352.954545,365.0,368.798182,11.435669,345.0,421.0,0.0,49.951818,81.636082,0.0,202.0,164.806742,145.139687,41.166438,51.917517,201.433366,45.0,43.201818,8.148374,21,81,1.2,1.169773,0.064889,0.7,1.3,1.031915,1.02701,0.140646,0.65,1.290909,1.3,1.297182,0.016557,1.2,1.3,0.0,0.293091,0.446712,0.0,1.2,0.327327,0.338545,0.193658,0.029194,0.623928,45.0,43.201818,8.148374,21,81,1588498.0,1608202.047273,66377.620882,1525252.0,1784324.0,1464898.880952,1483995.521328,107579.620684,1200191.058824,1761252.121212,1774660.0,1771425.185455,21134.17694,1589976.0,1788240.0,107600.0,472179.934545,575645.658022,10240.0,1590916.0,416123.392075,378419.240732,197011.656791,43185.850096,739028.236542,44.0,41.070909,9.694255,16,76,kernels-pc,kernels-0
KERNELS,PIXEL_FILTER,330.0,313.17,55.061891,0.0,386.5,224.689642,232.342996,31.244203,173.081081,335.26087,365.0,368.51,11.652338,341.0,421.0,0.0,45.399091,79.076746,0.0,202.0,164.806742,146.322125,39.832141,65.844294,201.433366,45.0,43.898182,8.162287,22,76,1.2,1.168955,0.05808,1.0,1.3,1.031915,1.031118,0.135284,0.695833,1.289286,1.3,1.295818,0.020026,1.2,1.3,0.0,0.292,0.44596,0.0,1.2,0.323754,0.333531,0.189533,0.031497,0.617441,45.0,43.898182,8.162287,22,76,1588420.0,1603333.556364,63715.549088,1520992.0,1784324.0,1464157.642619,1484447.504506,105147.854254,1210521.684211,1756348.0,1774630.0,1768920.312727,29663.454964,1588180.0,1788240.0,107546.0,468290.476364,576458.01119,10240.0,1590916.0,413495.185543,373681.308937,191946.577275,48285.130907,712704.156935,44.5,41.834545,9.51814,17,76,kernels-pc,kernels-0
KERNELS,P_TOTAL,294.0,218.627727,138.027133,0.0,370.0,219.085175,212.676113,48.285323,94.19697,298.567164,379.0,376.296364,11.669758,353.0,429.0,0.0,0.008182,0.090124,0.0,1.0,160.100084,147.323026,34.194933,82.354359,195.467677,72.0,71.565455,5.535746,61,135,1.1,1.1015,0.012254,1.1,1.3,0.941667,0.93556,0.031347,0.866176,1.103704,1.3,1.3,0.0,1.3,1.3,0.0,0.0,0.0,0.0,0.0,0.454966,0.452951,0.012997,0.381157,0.482719,72.0,71.565455,5.535746,61,135,1560072.0,1556584.434545,18421.667202,1526452.0,1774908.0,1385437.193212,1378603.520033,36318.101984,1286865.269841,1568587.230769,1774692.0,1775234.930909,1869.861161,1773404.0,1788240.0,10720.0,20292.312727,24216.717968,10080.0,116848.0,503246.391639,500852.683829,19551.276119,391274.841775,558749.471058,68.0,66.759091,5.532529,57,130,kernels-pc,kernels-0
KERNELS,RAD_REF,329.0,313.126818,53.580534,0.0,386.5,224.689642,230.907689,28.927284,173.081081,335.0,365.0,367.731818,12.162603,341.0,421.0,0.0,40.849091,76.165777,0.0,202.0,164.806742,147.509362,38.459334,66.018562,201.433366,45.0,44.109091,7.505225,23,79,1.2,1.166227,0.056657,1.0,1.3,1.031698,1.036228,0.129311,0.695833,1.286667,1.3,1.292727,0.025981,1.2,1.3,0.0,0.290909,0.445204,0.0,1.2,0.318593,0.326509,0.184671,0.034575,0.616409,45.0,44.109091,7.505225,23,79,1588264.0,1598594.383636,61874.326332,1517816.0,1784324.0,1463348.387097,1484910.681082,102934.052097,1210521.684211,1753029.333333,1774600.0,1763177.912727,42941.069153,1587892.0,1788240.0,107488.0,464706.647273,577143.011669,10240.0,1590916.0,407488.550789,367672.444952,186381.06773,55127.972731,712333.358975,44.0,42.199091,8.884529,18,75,kernels-pc,kernels-0
KERNELS,RAH_CYCLE,331.0,313.078636,56.117009,0.0,386.5,224.689642,233.229953,32.713822,173.081081,345.954545,365.0,368.770909,11.472096,345.0,421.0,0.0,48.771818,81.00543,0.0,202.0,164.806742,145.45356,40.800541,60.754705,201.433366,45.0,43.427273,8.25554,22,80,1.2,1.169591,0.062988,0.7,1.3,1.031915,1.027952,0.139445,0.65,1.290909,1.3,1.297,0.017066,1.2,1.3,0.0,0.293091,0.446712,0.0,1.2,0.327195,0.337396,0.192705,0.029194,0.623928,45.0,43.427273,8.25554,22,80,1588452.0,1606906.069091,65566.441372,1525252.0,1784324.0,1464626.469388,1484128.777913,107072.628683,1200191.058824,1761252.121212,1774648.0,1771093.985455,22453.033299,1589916.0,1788240.0,107580.0,471606.123636,576054.92133,10240.0,1590916.0,415995.441888,377222.811029,195802.792127,43185.850096,728435.353423,44.0,41.305455,9.723913,16,75,kernels-pc,kernels-0
KERNELS,RAH_INI,331.0,313.049545,55.957238,0.0,386.5,224.689642,232.968999,32.338366,173.081081,339.826087,365.0,368.627273,11.572896,341.0,421.0,0.0,48.256364,80.711698,0.0,202.0,164.806742,145.672213,40.588961,60.754705,201.433366,45.0,43.369091,7.953467,22,73,1.2,1.169682,0.062123,0.7,1.3,1.031915,1.028884,0.138511,0.65,1.290909,1.3,1.296364,0.018728,1.2,1.3,0.0,0.293091,0.446712,0.0,1.2,0.324707,0.336144,0.192053,0.029194,0.623928,45.0,43.369091,7.953467,22,73,1588452.0,1606291.494545,65560.490595,1520992.0,1784324.0,1464626.469388,1484327.789775,106651.870342,1209405.777778,1761252.121212,1774642.0,1769929.767273,26540.806845,1588856.0,1788240.0,107578.0,471339.716364,576245.50609,10240.0,1590916.0,414866.467347,376132.86532,194976.684148,43185.850096,728435.353423,44.0,41.278182,9.487738,16,68,kernels-pc,kernels-0
KERNELS,SENSIBLE_HEAT_FLUX,331.0,312.831818,56.642345,0.0,386.5,224.689642,233.472522,33.190726,173.081081,352.954545,365.0,368.770909,11.472096,345.0,421.0,0.0,49.951818,81.636082,0.0,202.0,164.806742,145.169807,41.151325,51.917517,201.433366,45.0,43.142727,8.0114,21,55,1.2,1.169773,0.064889,0.7,1.3,1.031915,1.027115,0.14061,0.65,1.290909,1.3,1.297,0.017066,1.2,1.3,0.0,0.293091,0.446712,0.0,1.2,0.327195,0.3383,0.193597,0.029194,0.623928,45.0,43.142727,8.0114,21,55,1588498.0,1608122.338182,66446.781073,1525252.0,1784324.0,1464898.880952,1483965.837447,107607.734089,1200191.058824,1761252.121212,1774648.0,1771093.985455,22453.033299,1589916.0,1788240.0,107600.0,472179.934545,575645.658022,10240.0,1590916.0,415995.441888,378242.426877,196939.874734,43185.850096,739028.236542,44.0,41.020909,9.59899,16,55,kernels-pc,kernels-0
KERNELS,SURFACE_TEMP_SHORT_WAVE,330.0,312.817727,54.851858,0.0,386.5,224.689642,231.673021,30.280169,173.081081,335.0,365.0,368.056364,11.953295,341.0,421.0,0.0,44.209091,78.339093,0.0,202.0,164.806742,146.795778,39.337608,66.018562,201.433366,45.0,43.691818,7.461428,22,67,1.2,1.168364,0.058055,1.0,1.3,1.031698,1.033431,0.132966,0.695833,1.289286,1.3,1.294,0.023759,1.2,1.3,0.0,0.292,0.44596,0.0,1.2,0.319745,0.330294,0.187884,0.031497,0.617441,45.0,43.691818,7.461428,22,67,1588382.0,1601962.656364,63838.052311,1519892.0,1784324.0,1463910.601852,1484796.847051,104318.702563,1210521.684211,1756348.0,1774608.0,1765544.167273,38138.236417,1588064.0,1788240.0,107536.0,467737.050909,576848.101746,10240.0,1590916.0,408591.876899,371058.32066,190039.11734,48285.130907,712704.156935,44.0,41.716364,8.971774,17,62,kernels-pc,kernels-0
KERNELS,USTAR,331.0,313.197273,55.717601,0.0,386.5,224.689642,232.874708,32.261927,173.081081,339.826087,365.0,368.555455,11.591454,341.0,421.0,0.0,47.928182,80.539939,0.0,202.0,164.806742,145.754206,40.517421,60.754705,201.433366,45.0,43.382727,7.955739,22,79,1.2,1.169318,0.061944,0.7,1.3,1.031915,1.02927,0.138275,0.65,1.290909,1.3,1.296091,0.01939,1.2,1.3,0.0,0.293091,0.446712,0.0,1.2,0.324523,0.335515,0.191701,0.029194,0.623928,45.0,43.382727,7.955739,22,79,1588450.0,1605868.810909,65238.534362,1520992.0,1784324.0,1464479.957529,1484323.695144,106603.052664,1209405.777778,1761252.121212,1774632.0,1769425.912727,28127.417056,1588856.0,1788240.0,107578.0,471164.76,576370.846981,10240.0,1590916.0,413851.963365,375629.694,194633.766998,43185.850096,728435.353423,44.0,41.305455,9.485268,16,74,kernels-pc,kernels-0
KERNELS,ZOM,331.0,313.294545,55.596309,0.0,386.5,224.689642,232.841151,32.245482,173.081081,339.826087,365.0,368.525455,11.631054,341.0,421.0,0.0,47.764545,80.45417,0.0,202.0,164.806742,145.810319,40.471656,60.754705,201.433366,45.0,43.364545,7.872668,22,74,1.2,1.169136,0.061854,0.7,1.3,1.031915,1.02945,0.138164,0.65,1.290909,1.3,1.295909,0.019817,1.2,1.3,0.0,0.293091,0.446712,0.0,1.2,0.323754,0.335138,0.191514,0.029194,0.623928,45.0,43.364545,7.872668,22,74,1588448.0,1605596.374545,65123.130497,1520992.0,1784324.0,1464479.957529,1484261.773658,106651.309947,1209405.777778,1761252.121212,1774630.0,1769089.04,29158.004128,1588416.0,1788240.0,107578.0,471077.650909,576433.265875,10240.0,1590916.0,413036.346451,375334.621165,194440.820104,43185.850096,728435.353423,44.0,41.296364,9.422032,16,69,kernels-pc,kernels-0
SERIAL,P0_READ_INPUT,288.5,189.511818,145.807965,0.0,366.0,200.738657,197.744112,50.993662,94.19697,298.567164,365.0,367.591818,12.305326,337.0,421.0,0.0,0.008182,0.090124,0.0,1.0,166.741792,150.134966,32.681395,85.642157,195.467677,64.0,61.518182,9.097322,42,82,1.1,1.112318,0.031574,1.1,1.2,1.013795,1.001681,0.073856,0.866176,1.132653,1.3,1.292091,0.027,1.2,1.3,0.0,0.006091,0.044016,0.0,0.5,0.333659,0.367785,0.079245,0.137519,0.482719,64.0,61.518182,9.097322,42,82,1553464.0,1555063.223636,19556.46523,1517816.0,1596068.0,1405651.226598,1411204.131693,59482.28647,1286865.269841,1546393.22449,1774596.0,1761994.64,45119.801503,1587892.0,1788240.0,10720.0,28335.425455,73024.611673,10080.0,817484.0,427620.954945,441062.107374,69574.286122,162628.108155,558749.471058,61.0,59.632727,7.730305,42,77,kernels-pc,kernels-0
SERIAL,P5_COPY_HOST,331.0,312.985,56.802253,0.0,386.5,224.781372,234.57244,33.631707,173.081081,352.954545,366.0,369.718182,10.901605,351.0,421.0,0.0,50.28,81.797414,0.0,202.0,164.806742,144.350726,41.440233,51.917517,201.433366,45.0,44.492727,10.45511,21,81,1.2,1.170136,0.065057,0.7,1.3,1.030422,1.022608,0.142243,0.65,1.290909,1.3,1.3,0.0,1.3,1.3,0.0,0.293091,0.446712,0.0,1.2,0.418126,0.34611,0.195462,0.029194,0.623928,45.0,44.492727,10.45511,21,81,1588512.0,1609962.236364,65515.544658,1531428.0,1784324.0,1464898.880952,1483379.431841,108320.587595,1200191.058824,1761252.121212,1774692.0,1775234.494545,1869.97858,1773404.0,1788240.0,107606.0,472352.101818,575522.405711,10240.0,1590916.0,448686.431973,383807.368784,199084.570983,43185.850096,739028.236542,44.0,42.1,11.334239,16,75,kernels-pc,kernels-0
SERIAL,P6_SAVE_PRODS,337.0,313.506364,61.250459,0.0,386.5,239.509059,246.125682,33.52356,174.942857,373.947368,375.0,374.626364,11.180276,353.0,429.0,0.0,61.007273,88.619346,0.0,360.0,153.773541,137.66496,43.274951,8.481622,201.433366,47.5,48.275455,15.300613,18,126,1.2,1.165545,0.100178,0.3,1.3,0.959151,0.955642,0.111122,0.568421,1.245714,1.3,1.3,0.0,1.3,1.3,0.0,0.035182,0.161624,0.0,1.1,0.462665,0.461657,0.114408,0.071517,0.637656,47.5,48.275455,15.300613,18,126,1588704.0,1618993.969091,71210.571152,1379336.0,1784324.0,1451986.206061,1443659.974111,85943.154911,1077117.714286,1689968.571429,1774692.0,1775234.930909,1869.861161,1773404.0,1788240.0,107068.0,147329.283636,202962.889425,10560.0,1543096.0,481117.956541,488505.172838,121675.63395,95195.506873,768301.15415,43.0,44.125455,15.348505,14,126,kernels-pc,kernels-0
