STRATEGY,PHASE,TIMESTAMP_count,TIMESTAMP_median,TIMESTAMP_mean,TIMESTAMP_std,TIMESTAMP_min,TIMESTAMP_max,strategy,algorithm
SERIAL,P0_READ_INPUT,1100,806.027192,805.732588,6.874503,783.273743,842.094727,kernels-pc,kernels-0
KERNELS,RAD_REF,1100,4.727808,4.728479,0.009035,4.72064,4.992,kernels-pc,kernels-0
KERNELS,ALB_NDVI_LAI_PAI_E,1100,5.492384,5.492899,0.005383,5.4784,5.556224,kernels-pc,kernels-0
KERNELS,SURFACE_TEMP_SHORT_WAVE,1100,1.16224,1.163025,0.004425,1.155968,1.217536,kernels-pc,kernels-0
KERNELS,LARGE_WAVES,1100,1.129472,1.12951,0.002283,1.123328,1.1672,kernels-pc,kernels-0
KERNELS,NET_RADIATION_SOIL_HEAT,1100,1.820672,1.821169,0.002744,1.818304,1.870848,kernels-pc,kernels-0
KERNELS,P1_INITIAL_PROD,1100,14.380032,14.383029,0.018119,14.359168,14.64416,kernels-pc,kernels-0
KERNELS,PIXEL_FILTER,1100,14.555136,14.760575,0.462985,14.275584,16.420864,kernels-pc,kernels-0
KERNELS,P2_PIXEL_SEL,1100,14.872576,15.078907,0.463806,14.582784,16.733185,kernels-pc,kernels-0
KERNELS,D0,1100,0.648672,0.648949,0.002806,0.640448,0.711552,kernels-pc,kernels-0
KERNELS,ZOM,1100,0.751616,0.751947,0.001963,0.749568,0.78848,kernels-pc,kernels-0
KERNELS,USTAR,1100,0.716832,0.717482,0.001584,0.714752,0.736096,kernels-pc,kernels-0
KERNELS,KB1,1100,1.61792,1.617893,0.003102,1.599488,1.641472,kernels-pc,kernels-0
KERNELS,RAH_INI,1100,1.102848,1.103295,0.002486,1.1008,1.134592,kernels-pc,kernels-0
KERNELS,RAH_CYCLE,1100,5.767168,5.76794,0.01095,5.700608,5.836,kernels-pc,kernels-0
KERNELS,SENSIBLE_HEAT_FLUX,1100,0.678912,0.679839,0.0049,0.673696,0.726016,kernels-pc,kernels-0
KERNELS,P3_RAH,1100,11.959296,11.96556,0.036085,11.85792,12.520448,kernels-pc,kernels-0
KERNELS,LATENT_HEAT_FLUX,1100,0.878592,0.878695,0.001359,0.876544,0.893952,kernels-pc,kernels-0
KERNELS,NET_RADIATION_24H,1100,0.49152,0.4918,0.00299,0.486112,0.549888,kernels-pc,kernels-0
KERNELS,EVAPOTRANSPIRATION_24H,1100,1.333328,1.333942,0.00231,1.332,1.383424,kernels-pc,kernels-0
KERNELS,P4_FINAL_PROD,1100,2.728864,2.729726,0.007228,2.72144,2.866176,kernels-pc,kernels-0
SERIAL,P5_COPY_HOST,1100,61.146894,61.274875,0.624394,60.21426,65.322174,kernels-pc,kernels-0
SERIAL,P6_SAVE_PRODS,1100,57.487202,57.504891,1.443833,55.002044,59.994153,kernels-pc,kernels-0
KERNELS,P_TOTAL,1100,1495.74,1399.237055,225.426406,1090.46,4007.89,kernels-pc,kernels-0
