STRATEGY,PHASE,CPU_USAGE_PERCENTAGE_median_median,CPU_USAGE_PERCENTAGE_median_mean,CPU_USAGE_PERCENTAGE_median_std,CPU_USAGE_PERCENTAGE_median_min,CPU_USAGE_PERCENTAGE_median_max,CPU_USAGE_PERCENTAGE_mean_median,CPU_USAGE_PERCENTAGE_mean_mean,CPU_USAGE_PERCENTAGE_mean_std,CPU_USAGE_PERCENTAGE_mean_min,CPU_USAGE_PERCENTAGE_mean_max,CPU_USAGE_PERCENTAGE_max_median,CPU_USAGE_PERCENTAGE_max_mean,CPU_USAGE_PERCENTAGE_max_std,CPU_USAGE_PERCENTAGE_max_min,CPU_USAGE_PERCENTAGE_max_max,CPU_USAGE_PERCENTAGE_min_median,CPU_USAGE_PERCENTAGE_min_mean,CPU_USAGE_PERCENTAGE_min_std,CPU_USAGE_PERCENTAGE_min_min,CPU_USAGE_PERCENTAGE_min_max,CPU_USAGE_PERCENTAGE_std_median,CPU_USAGE_PERCENTAGE_std_mean,CPU_USAGE_PERCENTAGE_std_std,CPU_USAGE_PERCENTAGE_std_min,CPU_USAGE_PERCENTAGE_std_max,CPU_USAGE_PERCENTAGE_count_median,CPU_USAGE_PERCENTAGE_count_mean,CPU_USAGE_PERCENTAGE_count_std,CPU_USAGE_PERCENTAGE_count_min,CPU_USAGE_PERCENTAGE_count_max,MEM_USAGE_PERCENTAGE_median_median,MEM_USAGE_PERCENTAGE_median_mean,MEM_USAGE_PERCENTAGE_median_std,MEM_USAGE_PERCENTAGE_median_min,MEM_USAGE_PERCENTAGE_median_max,MEM_USAGE_PERCENTAGE_mean_median,MEM_USAGE_PERCENTAGE_mean_mean,MEM_USAGE_PERCENTAGE_mean_std,MEM_USAGE_PERCENTAGE_mean_min,MEM_USAGE_PERCENTAGE_mean_max,MEM_USAGE_PERCENTAGE_max_median,MEM_USAGE_PERCENTAGE_max_mean,MEM_USAGE_PERCENTAGE_max_std,MEM_USAGE_PERCENTAGE_max_min,MEM_USAGE_PERCENTAGE_max_max,MEM_USAGE_PERCENTAGE_min_median,MEM_USAGE_PERCENTAGE_min_mean,MEM_USAGE_PERCENTAGE_min_std,MEM_USAGE_PERCENTAGE_min_min,MEM_USAGE_PERCENTAGE_min_max,MEM_USAGE_PERCENTAGE_std_median,MEM_USAGE_PERCENTAGE_std_mean,MEM_USAGE_PERCENTAGE_std_std,MEM_USAGE_PERCENTAGE_std_min,MEM_USAGE_PERCENTAGE_std_max,MEM_USAGE_PERCENTAGE_count_median,MEM_USAGE_PERCENTAGE_count_mean,MEM_USAGE_PERCENTAGE_count_std,MEM_USAGE_PERCENTAGE_count_min,MEM_USAGE_PERCENTAGE_count_max,MEM_USAGE_MB_median_median,MEM_USAGE_MB_median_mean,MEM_USAGE_MB_median_std,MEM_USAGE_MB_median_min,MEM_USAGE_MB_median_max,MEM_USAGE_MB_mean_median,MEM_USAGE_MB_mean_mean,MEM_USAGE_MB_mean_std,MEM_USAGE_MB_mean_min,MEM_USAGE_MB_mean_max,MEM_USAGE_MB_max_median,MEM_USAGE_MB_max_mean,MEM_USAGE_MB_max_std,MEM_USAGE_MB_max_min,MEM_USAGE_MB_max_max,MEM_USAGE_MB_min_median,MEM_USAGE_MB_min_mean,MEM_USAGE_MB_min_std,MEM_USAGE_MB_min_min,MEM_USAGE_MB_min_max,MEM_USAGE_MB_std_median,MEM_USAGE_MB_std_mean,MEM_USAGE_MB_std_std,MEM_USAGE_MB_std_min,MEM_USAGE_MB_std_max,MEM_USAGE_MB_count_median,MEM_USAGE_MB_count_mean,MEM_USAGE_MB_count_std,MEM_USAGE_MB_count_min,MEM_USAGE_MB_count_max,strategy,algorithm
KERNELS,ALBEDO,96.65,103.708002,16.911808,82.5,140.5,101.395652,103.522679,14.098448,82.081818,139.5,124.0,123.650852,14.145102,98.3,197.0,83.3,83.229735,9.32865,67.0,132.0,12.432923,13.178379,3.230587,4.673554,33.658782,46.0,42.986742,11.729325,19,56,1.2,1.156581,0.049946,1.1,1.3,1.040816,1.052942,0.072647,0.87,1.211905,1.3,1.293182,0.025218,1.2,1.3,0.0,0.301042,0.474116,0.0,1.1,0.371529,0.310272,0.168629,0.041682,0.553087,46.0,42.986742,11.729325,19,56,1584782.0,1579194.780303,19526.886363,1536936.0,1771876.0,1427630.866213,1440429.486473,100791.223806,1202977.52381,1652277.333333,1771492.0,1760676.939394,39358.121316,1585228,1772212,104082.0,477980.670455,595103.338081,103048,1553264,480135.61742,396018.46436,222056.364321,37814.935935,710281.928612,46.0,42.986742,11.729325,19,56,kernels-raw,kernels-0
KERNELS,D0,96.65,103.955114,16.728482,83.6,140.5,101.395652,103.752343,13.842737,82.503448,139.5,124.0,123.577652,14.027238,94.3,148.0,84.0,83.62339,9.089823,67.3,132.0,12.427683,13.040756,3.414969,2.72639,21.477701,45.0,42.272727,12.172514,18,73,1.2,1.158854,0.049784,1.1,1.3,1.038549,1.047564,0.075807,0.836842,1.211905,1.3,1.295644,0.020421,1.2,1.3,0.0,0.273958,0.458861,0.0,1.1,0.374904,0.321904,0.166569,0.043962,0.567852,45.0,42.272727,12.172514,18,73,1584924.0,1581726.935606,22336.784654,1542612.0,1771876.0,1423974.775362,1433370.598007,104480.707936,1174149.894737,1652277.333333,1771500.0,1765245.272727,27906.781982,1585552,1772212,104064.0,444396.954545,576469.202295,103048,1553264,485675.841131,411517.167975,219131.604211,37814.935935,734638.608321,45.0,42.272727,12.172514,18,73,kernels-raw,kernels-0
KERNELS,EA_EMISSIVITY,96.65,103.726752,16.933044,82.95,140.5,101.395652,103.524316,14.091512,82.412963,139.5,124.0,123.603504,13.982089,98.3,148.0,83.3,83.228598,9.326739,67.0,132.0,12.427683,13.156738,3.169074,4.673554,21.477701,46.0,42.970644,11.779655,19,74,1.2,1.156676,0.049933,1.1,1.3,1.040816,1.052656,0.072781,0.87,1.211905,1.3,1.293371,0.02489,1.2,1.3,0.0,0.298958,0.473015,0.0,1.1,0.371813,0.310998,0.168402,0.042876,0.561327,46.0,42.970644,11.779655,19,74,1584788.0,1579284.780303,19520.492998,1539952.0,1771876.0,1427560.081633,1440057.534949,100942.273044,1202977.52381,1652277.333333,1771492.0,1761028.909091,38618.52393,1585228,1772212,104082.0,475404.939394,593769.404981,103048,1553264,480347.208075,396978.564946,221741.249213,37814.935935,721305.850386,46.0,42.970644,11.779655,19,74,kernels-raw,kernels-0
KERNELS,ENB_EMISSIVITY,96.65,103.723153,16.937154,82.5,140.5,101.395652,103.521484,14.095522,82.081818,139.5,124.0,123.603504,13.982089,98.3,148.0,83.3,83.228598,9.326739,67.0,132.0,12.427683,13.156379,3.169512,4.673554,21.477701,46.0,42.952652,11.74668,19,56,1.2,1.156676,0.049933,1.1,1.3,1.040816,1.05271,0.072811,0.87,1.211905,1.3,1.293277,0.025055,1.2,1.3,0.0,0.3,0.473567,0.0,1.1,0.371813,0.310763,0.168604,0.041682,0.561327,46.0,42.952652,11.74668,19,56,1584788.0,1579277.962121,19533.791075,1537632.0,1771876.0,1427560.081633,1440127.768462,100982.910066,1202977.52381,1652277.333333,1771492.0,1760852.848485,38991.048679,1585228,1772212,104082.0,476692.32197,594437.291314,103048,1553264,480347.208075,396663.222456,222011.406775,37814.935935,721305.850386,46.0,42.952652,11.74668,19,56,kernels-raw,kernels-0
KERNELS,EO_EMISSIVITY,96.65,103.723153,16.937154,82.5,140.5,101.395652,103.521484,14.095522,82.081818,139.5,124.0,123.603504,13.982089,98.3,148.0,83.3,83.228598,9.326739,67.0,132.0,12.427683,13.156379,3.169512,4.673554,21.477701,46.0,42.952652,11.74668,19,56,1.2,1.156676,0.049933,1.1,1.3,1.040816,1.05271,0.072811,0.87,1.211905,1.3,1.293277,0.025055,1.2,1.3,0.0,0.3,0.473567,0.0,1.1,0.371813,0.310763,0.168604,0.041682,0.561327,46.0,42.952652,11.74668,19,56,1584788.0,1579277.962121,19533.791075,1537632.0,1771876.0,1427560.081633,1440127.768462,100982.910066,1202977.52381,1652277.333333,1771492.0,1760852.848485,38991.048679,1585228,1772212,104082.0,476692.32197,594437.291314,103048,1553264,480347.208075,396663.222456,222011.406775,37814.935935,721305.850386,46.0,42.952652,11.74668,19,56,kernels-raw,kernels-0
KERNELS,EVAPOTRANSPIRATION_24H,96.65,104.072917,16.625524,83.6,140.5,101.395652,103.880829,13.705001,82.503448,139.5,124.0,123.554545,14.066115,94.3,148.0,84.3,83.891761,8.94116,67.3,132.0,12.427683,12.960765,3.574832,2.608859,21.477701,45.0,41.788826,12.317518,17,72,1.2,1.160275,0.049796,1.1,1.3,1.037232,1.044536,0.07789,0.836842,1.211905,1.3,1.296686,0.01791,1.2,1.3,0.0,0.2625,0.451763,0.0,1.1,0.379488,0.327693,0.166102,0.043962,0.569908,45.0,41.788826,12.317518,17,72,1584944.0,1583435.708333,24702.937828,1544216.0,1771876.0,1422082.196983,1429419.035625,106923.536933,1161274.0,1652277.333333,1771502.0,1767090.575758,21666.706605,1599772,1772212,104060.0,430164.844697,567760.050117,103048,1553264,489944.383156,419213.649378,218387.899134,37814.935935,739177.13622,45.0,41.788826,12.317518,17,72,kernels-raw,kernels-0
KERNELS,KB1,96.65,103.987121,16.701576,83.6,140.5,101.395652,103.789038,13.804426,82.503448,139.5,124.0,123.571875,14.037049,94.3,148.0,84.0,83.705966,9.043175,67.3,132.0,12.427683,13.016229,3.464562,2.625472,21.477701,45.0,42.101326,12.17838,18,73,1.2,1.15928,0.049777,1.1,1.3,1.038298,1.046701,0.076582,0.836842,1.211905,1.3,1.295833,0.019992,1.2,1.3,0.0,0.271875,0.4576,0.0,1.1,0.375634,0.323356,0.166772,0.043962,0.569908,45.0,42.101326,12.17838,18,73,1584928.0,1582216.026515,22981.326155,1542612.0,1771876.0,1423356.154791,1432231.746924,105434.659926,1161274.0,1652277.333333,1771500.0,1765596.787879,26790.810901,1585724,1772212,104060.0,441809.791667,574922.872905,103048,1553264,487271.871716,413443.906978,219392.134819,37814.935935,739177.13622,45.0,42.101326,12.17838,18,73,kernels-raw,kernels-0
KERNELS,LAI,96.65,103.716051,16.923494,82.5,140.5,101.395652,103.522372,14.097686,82.081818,139.5,124.0,123.650852,14.145102,98.3,197.0,83.3,83.228598,9.326739,67.0,132.0,12.432923,13.174359,3.207638,4.673554,29.413604,46.0,43.004735,11.762297,19,74,1.2,1.156581,0.049946,1.1,1.3,1.040816,1.052883,0.072614,0.87,1.211905,1.3,1.293277,0.025055,1.2,1.3,0.0,0.3,0.473567,0.0,1.1,0.371529,0.310516,0.168428,0.041682,0.553087,46.0,43.004735,11.762297,19,74,1584782.0,1579201.068182,19514.330699,1537632.0,1771876.0,1427630.866213,1440352.018335,100749.473435,1202977.52381,1652277.333333,1771492.0,1760852.848485,38991.048679,1585228,1772212,104082.0,476692.32197,594437.291314,103048,1553264,480135.61742,396345.870069,221786.315272,37814.935935,710281.928612,46.0,43.004735,11.762297,19,74,kernels-raw,kernels-0
KERNELS,LARGE_WAVES_RADIATION,96.65,103.734044,16.927189,82.95,140.5,101.395652,103.532511,14.083284,82.412963,139.5,124.0,123.60303,13.982914,98.3,148.0,83.3,83.248769,9.314633,67.0,132.0,12.427683,13.150724,3.182044,3.136672,21.477701,46.0,42.918561,11.76391,19,56,1.2,1.156771,0.04992,1.1,1.3,1.040678,1.0525,0.072931,0.87,1.211905,1.3,1.293371,0.02489,1.2,1.3,0.0,0.298958,0.473015,0.0,1.1,0.372001,0.311239,0.168554,0.042876,0.561327,46.0,42.918561,11.76391,19,56,1584802.0,1579390.537879,19635.846315,1539952.0,1771876.0,1427514.176531,1439854.227412,101115.362868,1202977.52381,1652277.333333,1771492.0,1761028.909091,38618.52393,1585228,1772212,104082.0,475404.939394,593769.404981,103048,1553264,480810.843599,397291.301622,221940.78538,37814.935935,721305.850386,46.0,42.918561,11.76391,19,56,kernels-raw,kernels-0
KERNELS,LATENT_HEAT_FLUX,96.65,104.069602,16.62905,83.6,140.5,101.395652,103.878341,13.70839,82.503448,139.5,124.0,123.554545,14.066115,94.3,148.0,84.3,83.891761,8.94116,67.3,132.0,12.427683,12.960737,3.57486,2.608859,21.477701,45.0,41.77178,12.28809,17,56,1.2,1.160275,0.049796,1.1,1.3,1.037232,1.044595,0.077929,0.836842,1.211905,1.3,1.296591,0.018155,1.2,1.3,0.0,0.263542,0.452425,0.0,1.1,0.379488,0.327464,0.166324,0.043962,0.569908,45.0,41.77178,12.28809,17,56,1584944.0,1583433.208333,24706.572804,1544216.0,1771876.0,1422082.196983,1429497.062912,106975.612526,1161274.0,1652277.333333,1771500.0,1766914.818182,22367.103855,1586548,1772212,104060.0,431460.768939,568577.121523,103048,1553264,489944.383156,418896.222672,218697.96816,37814.935935,739177.13622,45.0,41.77178,12.28809,17,56,kernels-raw,kernels-0
KERNELS,NDVI,96.65,103.708002,16.911808,82.5,140.5,101.395652,103.522679,14.098448,82.081818,139.5,124.0,123.650852,14.145102,98.3,197.0,83.3,83.229735,9.32865,67.0,132.0,12.432923,13.178379,3.230587,4.673554,33.658782,46.0,42.986742,11.729325,19,56,1.2,1.156581,0.049946,1.1,1.3,1.040816,1.052942,0.072647,0.87,1.211905,1.3,1.293182,0.025218,1.2,1.3,0.0,0.301042,0.474116,0.0,1.1,0.371529,0.310272,0.168629,0.041682,0.553087,46.0,42.986742,11.729325,19,56,1584782.0,1579194.780303,19526.886363,1536936.0,1771876.0,1427630.866213,1440429.486473,100791.223806,1202977.52381,1652277.333333,1771492.0,1760676.939394,39358.121316,1585228,1772212,104082.0,477980.670455,595103.338081,103048,1553264,480135.61742,396018.46436,222056.364321,37814.935935,710281.928612,46.0,42.986742,11.729325,19,56,kernels-raw,kernels-0
KERNELS,NET_RADIATION,96.65,103.734044,16.927189,82.95,140.5,101.395652,103.532511,14.083284,82.412963,139.5,124.0,123.60303,13.982914,98.3,148.0,83.3,83.248769,9.314633,67.0,132.0,12.427683,13.150724,3.182044,3.136672,21.477701,46.0,42.918561,11.76391,19,56,1.2,1.156771,0.04992,1.1,1.3,1.040678,1.0525,0.072931,0.87,1.211905,1.3,1.293371,0.02489,1.2,1.3,0.0,0.298958,0.473015,0.0,1.1,0.372001,0.311239,0.168554,0.042876,0.561327,46.0,42.918561,11.76391,19,56,1584802.0,1579390.537879,19635.846315,1539952.0,1771876.0,1427514.176531,1439854.227412,101115.362868,1202977.52381,1652277.333333,1771492.0,1761028.909091,38618.52393,1585228,1772212,104082.0,475404.939394,593769.404981,103048,1553264,480810.843599,397291.301622,221940.78538,37814.935935,721305.850386,46.0,42.918561,11.76391,19,56,kernels-raw,kernels-0
KERNELS,NET_RADIATION_24H,96.65,104.069602,16.62905,83.6,140.5,101.395652,103.878341,13.70839,82.503448,139.5,124.0,123.554545,14.066115,94.3,148.0,84.3,83.891761,8.94116,67.3,132.0,12.427683,12.960737,3.57486,2.608859,21.477701,45.0,41.77178,12.28809,17,56,1.2,1.160275,0.049796,1.1,1.3,1.037232,1.044595,0.077929,0.836842,1.211905,1.3,1.296591,0.018155,1.2,1.3,0.0,0.263542,0.452425,0.0,1.1,0.379488,0.327464,0.166324,0.043962,0.569908,45.0,41.77178,12.28809,17,56,1584944.0,1583433.208333,24706.572804,1544216.0,1771876.0,1422082.196983,1429497.062912,106975.612526,1161274.0,1652277.333333,1771500.0,1766914.818182,22367.103855,1586548,1772212,104060.0,431460.768939,568577.121523,103048,1553264,489944.383156,418896.222672,218697.96816,37814.935935,739177.13622,45.0,41.77178,12.28809,17,56,kernels-raw,kernels-0
KERNELS,P1_INITIAL_PROD,96.65,103.689347,16.88941,82.95,140.5,101.395652,103.515221,14.108406,82.412963,139.168919,124.0,123.798674,14.628408,98.3,198.0,83.3,83.18447,9.236341,67.0,99.5,12.448858,13.239124,3.288736,5.118487,29.413604,47.0,43.302083,11.927055,19,76,1.2,1.156108,0.050006,1.1,1.3,1.041486,1.053494,0.07192,0.87,1.211905,1.3,1.293466,0.024724,1.2,1.3,0.0,0.297917,0.47246,0.0,1.1,0.371145,0.30984,0.167357,0.042876,0.553087,47.0,43.302083,11.927055,19,76,1584728.0,1578767.962121,19128.801518,1539952.0,1771876.0,1428599.076923,1441166.659577,99891.718187,1202977.52381,1652277.333333,1771492.0,1761204.666667,38240.500581,1585228,1772212,104080.0,474113.852273,593092.73772,103048,1553264,478956.409743,395491.333024,220352.077621,37814.935935,710281.928612,47.0,43.302083,11.927055,19,76,kernels-raw,kernels-0
KERNELS,P2_PIXEL_SEL,96.65,103.809328,16.847384,83.5,140.5,101.395652,103.592159,14.004111,82.654217,139.5,124.0,123.601705,13.98522,98.3,148.0,83.3,83.255871,9.305086,67.0,132.0,12.427683,13.151976,3.183146,3.136672,21.477701,46.0,43.239583,12.41427,19,83,1.2,1.156866,0.049907,1.1,1.3,1.040541,1.051157,0.072436,0.87,1.211905,1.3,1.295265,0.021248,1.2,1.3,0.0,0.278125,0.461344,0.0,1.1,0.372105,0.316235,0.164582,0.043962,0.561327,46.0,43.239583,12.41427,19,83,1584814.0,1579609.068182,19617.872273,1541544.0,1771876.0,1427308.395455,1438092.313781,100428.81594,1202977.52381,1652277.333333,1771494.0,1764545.424242,29978.470129,1585552,1772212,104068.0,449568.594697,579511.840116,103048,1553264,481527.220439,404080.599121,216508.700334,37814.935935,721305.850386,46.0,43.239583,12.41427,19,83,kernels-raw,kernels-0
KERNELS,P3_RAH,96.65,103.983381,16.696116,83.6,140.5,101.395652,103.769828,13.815557,82.503448,139.5,124.0,123.579261,14.024546,94.3,148.0,84.0,83.602273,9.100195,67.3,132.0,12.427683,13.048403,3.400544,2.818558,21.477701,45.0,42.495265,12.481037,19,74,1.2,1.158759,0.0498,1.1,1.3,1.038636,1.047156,0.075227,0.836842,1.211905,1.3,1.296591,0.018155,1.2,1.3,0.0,0.263542,0.452425,0.0,1.1,0.374832,0.32402,0.164217,0.043962,0.567852,45.0,42.495265,12.481037,19,74,1584924.0,1581639.799242,22091.583409,1544216.0,1771876.0,1424198.956522,1432838.222513,103752.165095,1174149.894737,1652277.333333,1771500.0,1766914.818182,22367.103855,1586548,1772212,104060.0,431460.768939,568577.121523,103048,1553264,485626.595852,414416.783425,215902.35626,37814.935935,734638.608321,45.0,42.495265,12.481037,19,74,kernels-raw,kernels-0
KERNELS,P4_FINAL_PROD,96.65,104.072917,16.625524,83.6,140.5,101.395652,103.880829,13.705001,82.503448,139.5,124.0,123.554545,14.066115,94.3,148.0,84.3,83.891761,8.94116,67.3,132.0,12.427683,12.960765,3.574832,2.608859,21.477701,45.0,41.788826,12.317518,17,72,1.2,1.160275,0.049796,1.1,1.3,1.037232,1.044536,0.07789,0.836842,1.211905,1.3,1.296686,0.01791,1.2,1.3,0.0,0.2625,0.451763,0.0,1.1,0.379488,0.327693,0.166102,0.043962,0.569908,45.0,41.788826,12.317518,17,72,1584944.0,1583435.708333,24702.937828,1544216.0,1771876.0,1422082.196983,1429419.035625,106923.536933,1161274.0,1652277.333333,1771502.0,1767090.575758,21666.706605,1599772,1772212,104060.0,430164.844697,567760.050117,103048,1553264,489944.383156,419213.649378,218387.899134,37814.935935,739177.13622,45.0,41.788826,12.317518,17,72,kernels-raw,kernels-0
KERNELS,PAI,96.65,103.723153,16.937154,82.5,140.5,101.395652,103.521484,14.095522,82.081818,139.5,124.0,123.603504,13.982089,98.3,148.0,83.3,83.228598,9.326739,67.0,132.0,12.427683,13.156379,3.169512,4.673554,21.477701,46.0,42.952652,11.74668,19,56,1.2,1.156676,0.049933,1.1,1.3,1.040816,1.05271,0.072811,0.87,1.211905,1.3,1.293277,0.025055,1.2,1.3,0.0,0.3,0.473567,0.0,1.1,0.371813,0.310763,0.168604,0.041682,0.561327,46.0,42.952652,11.74668,19,56,1584788.0,1579277.962121,19533.791075,1537632.0,1771876.0,1427560.081633,1440127.768462,100982.910066,1202977.52381,1652277.333333,1771492.0,1760852.848485,38991.048679,1585228,1772212,104082.0,476692.32197,594437.291314,103048,1553264,480347.208075,396663.222456,222011.406775,37814.935935,721305.850386,46.0,42.952652,11.74668,19,56,kernels-raw,kernels-0
KERNELS,PIXEL_FILTER,96.65,103.809328,16.847384,83.5,140.5,101.395652,103.592159,14.004111,82.654217,139.5,124.0,123.601705,13.98522,98.3,148.0,83.3,83.255871,9.305086,67.0,132.0,12.427683,13.151976,3.183146,3.136672,21.477701,46.0,43.239583,12.41427,19,83,1.2,1.156866,0.049907,1.1,1.3,1.040541,1.051157,0.072436,0.87,1.211905,1.3,1.295265,0.021248,1.2,1.3,0.0,0.278125,0.461344,0.0,1.1,0.372105,0.316235,0.164582,0.043962,0.561327,46.0,43.239583,12.41427,19,83,1584814.0,1579609.068182,19617.872273,1541544.0,1771876.0,1427308.395455,1438092.313781,100428.81594,1202977.52381,1652277.333333,1771494.0,1764545.424242,29978.470129,1585552,1772212,104068.0,449568.594697,579511.840116,103048,1553264,481527.220439,404080.599121,216508.700334,37814.935935,721305.850386,46.0,43.239583,12.41427,19,83,kernels-raw,kernels-0
KERNELS,P_TOTAL,91.75,92.168608,10.835708,73.3,116.0,81.981816,81.472708,6.379199,69.192683,92.494578,148.0,148.121686,28.658053,99.0,198.0,0.0,0.014205,0.146966,0.0,3.0,40.506066,42.166398,13.346447,22.897285,67.919739,166.0,166.282197,1.967967,161,179,1.0,1.0,0.0,1.0,1.0,0.82303,0.823708,0.005958,0.79939,0.874706,1.3,1.3,0.0,1.3,1.3,0.0,0.0,0.0,0.0,0.0,0.387411,0.387007,0.003345,0.366281,0.396782,166.0,166.282197,1.967967,161,179,1419808.0,1419922.592803,2949.998671,1410692.0,1442228.0,1148710.015895,1149639.388618,7767.495123,1118596.146341,1216861.529412,1771544.0,1771525.424242,274.331024,1770304,1772212,10720.0,19670.337121,23038.04846,10240,104168,504799.703319,504353.925788,4269.634874,478383.820238,516288.807675,166.0,166.282197,1.967967,161,179,kernels-raw,kernels-0
KERNELS,RADIANCE,96.65,103.658475,16.878615,82.5,140.5,101.395652,103.505243,14.124371,82.081818,139.168919,124.0,123.798674,14.628408,98.3,198.0,83.3,83.186458,9.239741,67.0,99.5,12.448858,13.24611,3.335132,5.118487,33.658782,47.0,43.191288,11.722113,19,76,1.2,1.156108,0.050006,1.1,1.3,1.041486,1.053819,0.072105,0.87,1.211905,1.3,1.292898,0.025698,1.2,1.3,0.0,0.304167,0.475745,0.0,1.1,0.371145,0.308444,0.16855,0.041682,0.553087,47.0,43.191288,11.722113,19,76,1584728.0,1578729.780303,19201.130159,1536936.0,1771876.0,1428599.076923,1441592.791656,100136.251781,1202977.52381,1652277.333333,1771492.0,1760148.606061,40443.192465,1585228,1772212,104084.0,481846.034091,597078.62582,103048,1553264,478956.409743,393605.326618,221959.467043,37814.935935,710281.928612,47.0,43.191288,11.722113,19,76,kernels-raw,kernels-0
KERNELS,RAH_CYCLE,96.65,104.014015,16.674704,83.6,140.5,101.395652,103.811926,13.776239,82.503448,139.5,124.0,123.569318,14.041227,94.3,148.0,84.0,83.726515,9.032783,67.3,132.0,12.427683,13.010622,3.476355,2.625472,21.477701,45.0,42.152462,12.346516,18,74,1.2,1.159375,0.049759,1.1,1.3,1.038267,1.046152,0.076579,0.836842,1.211905,1.3,1.296402,0.018634,1.2,1.3,0.0,0.265625,0.453739,0.0,1.1,0.376251,0.32502,0.165603,0.043962,0.569908,45.0,42.152462,12.346516,18,74,1584930.0,1582336.329545,23000.446433,1542612.0,1771876.0,1423105.577624,1431518.600322,105398.585221,1161274.0,1652277.333333,1771500.0,1766630.575758,23246.177796,1586548,1772212,104060.0,434044.632576,570181.482271,103048,1553264,487693.550641,415700.976179,217774.552445,37814.935935,739177.13622,45.0,42.152462,12.346516,18,74,kernels-raw,kernels-0
KERNELS,RAH_INI,96.65,103.993087,16.697163,83.6,140.5,101.395652,103.796646,13.797207,82.503448,139.5,124.0,123.569318,14.041227,94.3,148.0,84.0,83.726515,9.032783,67.3,132.0,12.427683,13.009947,3.477076,2.625472,21.477701,45.0,42.049242,12.163711,18,56,1.2,1.159375,0.049759,1.1,1.3,1.038267,1.046507,0.076807,0.836842,1.211905,1.3,1.295833,0.019992,1.2,1.3,0.0,0.271875,0.4576,0.0,1.1,0.376251,0.323601,0.166924,0.043962,0.569908,45.0,42.049242,12.163711,18,56,1584930.0,1582311.405303,23039.28023,1542612.0,1771876.0,1423105.577624,1431981.485044,105697.33237,1161274.0,1652277.333333,1771500.0,1765596.787879,26790.810901,1585724,1772212,104060.0,441809.791667,574922.872905,103048,1553264,487693.550641,413763.994677,219595.433119,37814.935935,739177.13622,45.0,42.049242,12.163711,18,56,kernels-raw,kernels-0
KERNELS,REFLECTANCE,96.65,103.687121,16.909846,82.5,140.5,101.395652,103.509061,14.114579,82.081818,139.5,124.0,123.702083,14.305962,98.3,198.0,83.3,83.216383,9.346183,67.0,132.0,12.43745,13.2045,3.25212,4.673554,33.658782,47.0,43.143939,11.786494,19,76,1.2,1.156297,0.049982,1.1,1.3,1.041176,1.05337,0.072294,0.87,1.211905,1.3,1.293182,0.025218,1.2,1.3,0.0,0.301042,0.474116,0.0,1.1,0.371277,0.309579,0.168245,0.041682,0.553087,47.0,43.143939,11.786494,19,76,1584762.0,1578922.734848,19283.362923,1536936.0,1771876.0,1427999.731429,1440995.384671,100367.582214,1202977.52381,1652277.333333,1771492.0,1760676.939394,39358.121316,1585228,1772212,104082.0,477980.670455,595103.338081,103048,1553264,479455.33592,395117.331226,221538.70975,37814.935935,710281.928612,47.0,43.143939,11.786494,19,76,kernels-raw,kernels-0
KERNELS,SENSIBLE_HEAT_FLUX,96.65,104.057102,16.639045,83.6,140.5,101.395652,103.862935,13.723901,82.503448,139.5,124.0,123.559091,14.058428,94.3,148.0,84.3,83.850473,8.965034,67.3,132.0,12.427683,12.973214,3.550462,2.608859,21.477701,45.0,41.875947,12.31932,17,74,1.2,1.159991,0.049711,1.1,1.3,1.037377,1.044961,0.077558,0.836842,1.211905,1.3,1.296591,0.018155,1.2,1.3,0.0,0.263542,0.452425,0.0,1.1,0.379135,0.326969,0.16603,0.043962,0.569908,45.0,41.875947,12.31932,17,74,1584940.0,1583143.738636,24244.660979,1544216.0,1771876.0,1422689.429245,1429968.701492,106551.18174,1161274.0,1652277.333333,1771500.0,1766914.818182,22367.103855,1586548,1772212,104060.0,431460.768939,568577.121523,103048,1553264,489664.622744,418256.753069,218323.105972,37814.935935,739177.13622,45.0,41.875947,12.31932,17,74,kernels-raw,kernels-0
KERNELS,SHORT_WAVE_RADIATION,96.65,103.734044,16.927189,82.95,140.5,101.395652,103.532511,14.083284,82.412963,139.5,124.0,123.60303,13.982914,98.3,148.0,83.3,83.248769,9.314633,67.0,132.0,12.427683,13.150724,3.182044,3.136672,21.477701,46.0,42.918561,11.76391,19,56,1.2,1.156771,0.04992,1.1,1.3,1.040678,1.0525,0.072931,0.87,1.211905,1.3,1.293371,0.02489,1.2,1.3,0.0,0.298958,0.473015,0.0,1.1,0.372001,0.311239,0.168554,0.042876,0.561327,46.0,42.918561,11.76391,19,56,1584802.0,1579390.537879,19635.846315,1539952.0,1771876.0,1427514.176531,1439854.227412,101115.362868,1202977.52381,1652277.333333,1771492.0,1761028.909091,38618.52393,1585228,1772212,104082.0,475404.939394,593769.404981,103048,1553264,480810.843599,397291.301622,221940.78538,37814.935935,721305.850386,46.0,42.918561,11.76391,19,56,kernels-raw,kernels-0
KERNELS,SOIL_HEAT_FLUX,96.65,103.737405,16.923469,82.95,140.5,101.395652,103.535141,14.079616,82.412963,139.5,124.0,123.60303,13.982914,98.3,148.0,83.3,83.248769,9.314633,67.0,132.0,12.427683,13.151035,3.18167,3.136672,21.477701,46.0,42.9375,11.801031,19,76,1.2,1.156771,0.04992,1.1,1.3,1.040678,1.05244,0.072898,0.87,1.211905,1.3,1.293466,0.024724,1.2,1.3,0.0,0.297917,0.47246,0.0,1.1,0.372001,0.311479,0.168353,0.042876,0.561327,46.0,42.9375,11.801031,19,76,1584802.0,1579395.765152,19626.20514,1539952.0,1771876.0,1427514.176531,1439777.120867,101071.533896,1202977.52381,1652277.333333,1771492.0,1761204.666667,38240.500581,1585228,1772212,104080.0,474113.852273,593092.73772,103048,1553264,480810.843599,397614.241609,221667.524013,37814.935935,721305.850386,46.0,42.9375,11.801031,19,76,kernels-raw,kernels-0
KERNELS,SURFACE_TEMPERATURE,96.65,103.734044,16.927189,82.95,140.5,101.395652,103.532511,14.083284,82.412963,139.5,124.0,123.60303,13.982914,98.3,148.0,83.3,83.248769,9.314633,67.0,132.0,12.427683,13.150724,3.182044,3.136672,21.477701,46.0,42.918561,11.76391,19,56,1.2,1.156771,0.04992,1.1,1.3,1.040678,1.0525,0.072931,0.87,1.211905,1.3,1.293371,0.02489,1.2,1.3,0.0,0.298958,0.473015,0.0,1.1,0.372001,0.311239,0.168554,0.042876,0.561327,46.0,42.918561,11.76391,19,56,1584802.0,1579390.537879,19635.846315,1539952.0,1771876.0,1427514.176531,1439854.227412,101115.362868,1202977.52381,1652277.333333,1771492.0,1761028.909091,38618.52393,1585228,1772212,104082.0,475404.939394,593769.404981,103048,1553264,480810.843599,397291.301622,221940.78538,37814.935935,721305.850386,46.0,42.918561,11.76391,19,56,kernels-raw,kernels-0
KERNELS,USTAR,96.65,103.983807,16.704999,83.6,140.5,101.395652,103.786548,13.807749,82.503448,139.5,124.0,123.571875,14.037049,94.3,148.0,84.0,83.705966,9.043175,67.3,132.0,12.427683,13.016158,3.464637,2.625472,21.477701,45.0,42.08428,12.14765,18,56,1.2,1.15928,0.049777,1.1,1.3,1.038298,1.046764,0.076621,0.836842,1.211905,1.3,1.295739,0.020208,1.2,1.3,0.0,0.272917,0.458232,0.0,1.1,0.375634,0.323116,0.16699,0.043962,0.569908,45.0,42.08428,12.14765,18,56,1584928.0,1582213.602273,22985.29831,1542612.0,1771876.0,1423356.154791,1432313.650812,105484.81704,1161274.0,1652277.333333,1771500.0,1765420.878788,27357.116076,1585552,1772212,104062.0,443103.060606,575697.102744,103048,1553264,487271.871716,413117.339786,219692.646562,37814.935935,739177.13622,45.0,42.08428,12.14765,18,56,kernels-raw,kernels-0
KERNELS,ZOM,96.65,103.977415,16.710113,83.6,140.5,101.395652,103.77874,13.815708,82.503448,139.5,124.0,123.573485,14.034245,94.3,148.0,84.0,83.685133,9.055608,67.3,132.0,12.427683,13.022466,3.451741,2.72639,21.477701,45.0,42.135417,12.159822,18,72,1.2,1.159138,0.049732,1.1,1.3,1.038298,1.046925,0.076491,0.836842,1.211905,1.3,1.295739,0.020208,1.2,1.3,0.0,0.272917,0.458232,0.0,1.1,0.375043,0.322872,0.166854,0.043962,0.569908,45.0,42.135417,12.159822,18,72,1584928.0,1582059.284091,22652.066637,1542612.0,1771876.0,1423541.181818,1432528.522918,105319.560032,1161274.0,1652277.333333,1771500.0,1765420.878788,27357.116076,1585552,1772212,104062.0,443103.060606,575697.102744,103048,1553264,487051.233795,412795.049702,219496.857132,37814.935935,739177.13622,45.0,42.135417,12.159822,18,72,kernels-raw,kernels-0
SERIAL,P0_READ_INPUT,91.7,91.616809,11.446983,72.0,116.0,81.977383,80.916155,7.098283,66.410884,92.494578,148.0,148.121686,28.658053,99.0,198.0,0.0,0.014205,0.146966,0.0,3.0,40.506066,42.238215,13.306405,22.936435,69.974001,165.0,162.541667,6.011061,144,178,1.0,1.0,0.0,1.0,1.0,0.824699,0.82782,0.010066,0.79939,0.874545,1.3,1.292708,0.026012,1.2,1.3,0.0,0.0,0.0,0.0,0.0,0.384982,0.380162,0.00969,0.355559,0.396782,165.0,162.541667,6.011061,144,178,1420518.0,1420966.575758,4224.110034,1409152.0,1442580.0,1151108.516904,1155104.88103,13078.752471,1118596.146341,1218426.666667,1771492.0,1759796.636364,41145.674756,1585228,1772212,10720.0,19670.337121,23038.04846,10240,104168,501851.19878,495714.283432,12267.875834,463788.120907,516288.807675,165.0,162.541667,6.011061,144,178,kernels-raw,kernels-0
SERIAL,P5_COPY_HOST,96.65,104.277367,16.41842,86.3,140.5,101.395652,104.028953,13.512754,82.503448,139.5,124.0,123.551705,14.070774,94.3,148.0,84.3,83.912311,8.930221,67.3,132.0,12.427683,12.948391,3.592622,2.608859,21.477701,44.5,42.764205,13.898491,17,79,1.2,1.160369,0.049776,1.1,1.3,1.037209,1.039741,0.074803,0.836842,1.211905,1.3,1.3,0.0,1.3,1.3,0.0,0.191667,0.39787,0.0,1.1,0.379653,0.344251,0.149668,0.055656,0.569908,44.5,42.764205,13.898491,17,79,1584944.0,1583599.001894,24729.910141,1546120.0,1771876.0,1422019.479592,1423119.2528,102745.965572,1161274.0,1652277.333333,1771544.0,1771523.909091,274.580054,1770304,1772212,104016.0,341785.318182,500839.391125,103048,1553264,490687.366951,441726.507599,195845.269524,56823.158043,739177.13622,44.5,42.764205,13.898491,17,79,kernels-raw,kernels-0
SERIAL,P6_SAVE_PRODS,96.65,104.971402,15.843064,88.6,140.5,101.395652,104.65598,12.856647,82.503448,139.5,124.0,123.288731,14.483946,94.3,148.0,86.0,85.274148,8.229283,69.6,132.0,12.377281,12.447636,4.387983,2.034929,21.477701,41.0,40.739583,15.36875,14,74,1.2,1.165104,0.055174,0.8,1.3,1.031373,1.010842,0.080363,0.726667,1.166038,1.3,1.3,0.0,1.3,1.3,0.0,0.039678,0.162,0.0,1.1,0.395022,0.395994,0.112846,0.073627,0.604743,41.0,40.739583,15.36875,14,74,1585088.0,1584718.369318,46072.298639,1138380.0,1771876.0,1413350.106061,1385093.702365,107557.208844,1014217.066667,1594975.54717,1771544.0,1771525.424242,274.331024,1770304,1772212,103944.0,149860.405303,196507.586315,103048,1504604,509150.863562,510583.055589,145166.094417,82386.818538,778619.863794,41.0,40.739583,15.36875,14,74,kernels-raw,kernels-0
