STRATEGY,PHASE,TIMESTAMP_count,TIMESTAMP_median,TIMESTAMP_mean,TIMESTAMP_std,TIMESTAMP_min,TIMESTAMP_max,strategy,algorithm
SERIAL,P0_READ_INPUT,1056,2584.637452,2583.694366,7.176555,2555.510742,2616.552979,kernels-raw,kernels-0
KERNELS,RADIANCE,1056,0.532256,0.52838,0.046146,0.475712,0.623968,kernels-raw,kernels-0
KERNELS,REFLECTANCE,1056,3.359744,3.474098,0.154199,3.353312,3.868672,kernels-raw,kernels-0
KERNELS,ALBEDO,1056,1.752064,1.752142,0.002289,1.749824,1.779712,kernels-raw,kernels-0
KERNELS,NDVI,1056,0.671744,0.671718,0.001622,0.6656,0.687104,kernels-raw,kernels-0
KERNELS,LAI,1056,0.768672,0.778576,0.015579,0.764928,0.809696,kernels-raw,kernels-0
KERNELS,PAI,1056,0.715776,0.720747,0.008076,0.71344,0.738304,kernels-raw,kernels-0
KERNELS,ENB_EMISSIVITY,1056,0.560896,0.565413,0.007927,0.557984,0.58368,kernels-raw,kernels-0
KERNELS,EO_EMISSIVITY,1056,0.559104,0.564015,0.007599,0.556032,0.58032,kernels-raw,kernels-0
KERNELS,EA_EMISSIVITY,1056,0.508992,0.519678,0.016162,0.50688,0.555008,kernels-raw,kernels-0
KERNELS,SURFACE_TEMPERATURE,1056,0.68272,0.68701,0.008096,0.679936,0.801792,kernels-raw,kernels-0
KERNELS,SHORT_WAVE_RADIATION,1056,0.49664,0.508565,0.021523,0.493568,0.8192,kernels-raw,kernels-0
KERNELS,LARGE_WAVES_RADIATION,1056,1.127424,1.127869,0.001654,1.122304,1.141632,kernels-raw,kernels-0
KERNELS,NET_RADIATION,1056,1.312768,1.313087,0.000783,1.31072,1.316864,kernels-raw,kernels-0
KERNELS,SOIL_HEAT_FLUX,1056,0.831488,0.834556,0.005441,0.82944,0.876544,kernels-raw,kernels-0
KERNELS,P1_INITIAL_PROD,1056,13.996064,14.144055,0.264355,13.905312,14.791744,kernels-raw,kernels-0
KERNELS,PIXEL_FILTER,1056,14.416848,13.844481,1.732697,11.752224,23.113728,kernels-raw,kernels-0
KERNELS,P2_PIXEL_SEL,1056,14.72512,14.161554,1.737837,12.057344,23.4496,kernels-raw,kernels-0
KERNELS,D0,1056,0.647616,0.659763,0.023113,0.641216,0.727872,kernels-raw,kernels-0
KERNELS,ZOM,1056,0.750592,0.752811,0.004408,0.748544,0.790528,kernels-raw,kernels-0
KERNELS,USTAR,1056,0.7168,0.718211,0.004766,0.714752,0.823296,kernels-raw,kernels-0
KERNELS,KB1,1056,1.637376,1.650434,0.048241,1.606912,1.795072,kernels-raw,kernels-0
KERNELS,RAH_INI,1056,1.104896,1.124656,0.028754,1.099776,1.1776,kernels-raw,kernels-0
KERNELS,RAH_CYCLE,1056,5.771264,5.851347,0.166003,5.722112,6.351872,kernels-raw,kernels-0
KERNELS,SENSIBLE_HEAT_FLUX,1056,0.67584,0.675987,0.003349,0.669696,0.715488,kernels-raw,kernels-0
KERNELS,P3_RAH,1056,12.019808,12.136393,0.456073,11.88864,19.716097,kernels-raw,kernels-0
KERNELS,LATENT_HEAT_FLUX,1056,0.877728,0.878195,0.001197,0.87552,0.894976,kernels-raw,kernels-0
KERNELS,NET_RADIATION_24H,1056,0.490496,0.499348,0.019478,0.486272,0.683328,kernels-raw,kernels-0
KERNELS,EVAPOTRANSPIRATION_24H,1056,1.333248,1.334546,0.003202,1.3312,1.35168,kernels-raw,kernels-0
KERNELS,P4_FINAL_PROD,1056,2.726912,2.736894,0.023031,2.719392,2.920448,kernels-raw,kernels-0
SERIAL,P5_COPY_HOST,1056,63.69512,63.688666,0.840054,60.744644,67.927101,kernels-raw,kernels-0
SERIAL,P6_SAVE_PRODS,1056,57.41999,57.466398,1.460477,55.00173,59.989063,kernels-raw,kernels-0
KERNELS,P_TOTAL,1056,2966.73,2973.554062,53.968754,2913.85,3447.49,kernels-raw,kernels-0
