STRATEGY,PHASE,CPU_USAGE_PERCENTAGE_median_median,CPU_USAGE_PERCENTAGE_median_mean,CPU_USAGE_PERCENTAGE_median_std,CPU_USAGE_PERCENTAGE_median_min,CPU_USAGE_PERCENTAGE_median_max,CPU_USAGE_PERCENTAGE_mean_median,CPU_USAGE_PERCENTAGE_mean_mean,CPU_USAGE_PERCENTAGE_mean_std,CPU_USAGE_PERCENTAGE_mean_min,CPU_USAGE_PERCENTAGE_mean_max,CPU_USAGE_PERCENTAGE_max_median,CPU_USAGE_PERCENTAGE_max_mean,CPU_USAGE_PERCENTAGE_max_std,CPU_USAGE_PERCENTAGE_max_min,CPU_USAGE_PERCENTAGE_max_max,CPU_USAGE_PERCENTAGE_min_median,CPU_USAGE_PERCENTAGE_min_mean,CPU_USAGE_PERCENTAGE_min_std,CPU_USAGE_PERCENTAGE_min_min,CPU_USAGE_PERCENTAGE_min_max,CPU_USAGE_PERCENTAGE_std_median,CPU_USAGE_PERCENTAGE_std_mean,CPU_USAGE_PERCENTAGE_std_std,CPU_USAGE_PERCENTAGE_std_min,CPU_USAGE_PERCENTAGE_std_max,CPU_USAGE_PERCENTAGE_count_median,CPU_USAGE_PERCENTAGE_count_mean,CPU_USAGE_PERCENTAGE_count_std,CPU_USAGE_PERCENTAGE_count_min,CPU_USAGE_PERCENTAGE_count_max,MEM_USAGE_PERCENTAGE_median_median,MEM_USAGE_PERCENTAGE_median_mean,MEM_USAGE_PERCENTAGE_median_std,MEM_USAGE_PERCENTAGE_median_min,MEM_USAGE_PERCENTAGE_median_max,MEM_USAGE_PERCENTAGE_mean_median,MEM_USAGE_PERCENTAGE_mean_mean,MEM_USAGE_PERCENTAGE_mean_std,MEM_USAGE_PERCENTAGE_mean_min,MEM_USAGE_PERCENTAGE_mean_max,MEM_USAGE_PERCENTAGE_max_median,MEM_USAGE_PERCENTAGE_max_mean,MEM_USAGE_PERCENTAGE_max_std,MEM_USAGE_PERCENTAGE_max_min,MEM_USAGE_PERCENTAGE_max_max,MEM_USAGE_PERCENTAGE_min_median,MEM_USAGE_PERCENTAGE_min_mean,MEM_USAGE_PERCENTAGE_min_std,MEM_USAGE_PERCENTAGE_min_min,MEM_USAGE_PERCENTAGE_min_max,MEM_USAGE_PERCENTAGE_std_median,MEM_USAGE_PERCENTAGE_std_mean,MEM_USAGE_PERCENTAGE_std_std,MEM_USAGE_PERCENTAGE_std_min,MEM_USAGE_PERCENTAGE_std_max,MEM_USAGE_PERCENTAGE_count_median,MEM_USAGE_PERCENTAGE_count_mean,MEM_USAGE_PERCENTAGE_count_std,MEM_USAGE_PERCENTAGE_count_min,MEM_USAGE_PERCENTAGE_count_max,MEM_USAGE_MB_median_median,MEM_USAGE_MB_median_mean,MEM_USAGE_MB_median_std,MEM_USAGE_MB_median_min,MEM_USAGE_MB_median_max,MEM_USAGE_MB_mean_median,MEM_USAGE_MB_mean_mean,MEM_USAGE_MB_mean_std,MEM_USAGE_MB_mean_min,MEM_USAGE_MB_mean_max,MEM_USAGE_MB_max_median,MEM_USAGE_MB_max_mean,MEM_USAGE_MB_max_std,MEM_USAGE_MB_max_min,MEM_USAGE_MB_max_max,MEM_USAGE_MB_min_median,MEM_USAGE_MB_min_mean,MEM_USAGE_MB_min_std,MEM_USAGE_MB_min_min,MEM_USAGE_MB_min_max,MEM_USAGE_MB_std_median,MEM_USAGE_MB_std_mean,MEM_USAGE_MB_std_std,MEM_USAGE_MB_std_min,MEM_USAGE_MB_std_max,MEM_USAGE_MB_count_median,MEM_USAGE_MB_count_mean,MEM_USAGE_MB_count_std,MEM_USAGE_MB_count_min,MEM_USAGE_MB_count_max,strategy,algorithm
KERNELS,ALBEDO,96.65,103.816857,16.986553,82.5,140.5,101.1625,103.50852,14.101027,81.735185,139.789474,123.0,123.595619,14.386681,98.0,198.0,83.3,83.256476,9.412092,66.3,132.0,12.563017,13.205761,3.305224,2.978451,29.20894,46.0,42.889524,11.931053,19,75,1.2,1.157571,0.049759,1.1,1.3,1.039173,1.051377,0.07427,0.865,1.261111,1.3,1.292667,0.026081,1.2,1.3,0.0,0.299429,0.473713,0.0,1.1,0.373576,0.312046,0.169723,0.042876,0.55562,46.0,42.889524,11.931053,19,75,1584762.0,1578935.80381,19295.927162,1539096.0,1771544.0,1425026.818182,1438553.575585,102446.003046,1198940.2,1707175.222222,1771474.0,1760327.059048,39968.245473,1585156,1772208,104058.0,477007.078095,594253.691988,102912,1548304,482538.047799,398056.650146,223375.181579,38318.529287,721984.499484,46.0,42.889524,11.931053,19,75,kernels-raw,kernels-1
KERNELS,EA_EMISSIVITY,96.65,103.84519,16.98167,82.65,140.5,101.1625,103.529411,14.075992,81.735185,139.789474,123.0,123.544762,14.224159,98.0,148.0,83.3,83.297429,9.391479,66.3,132.0,12.541796,13.176091,3.294426,2.978451,20.921287,46.0,42.771429,11.945664,19,75,1.2,1.157857,0.049715,1.1,1.3,1.039024,1.05076,0.074722,0.865,1.261111,1.3,1.292857,0.025766,1.2,1.3,0.0,0.297333,0.472598,0.0,1.1,0.374988,0.313234,0.169769,0.042876,0.55562,46.0,42.771429,11.945664,19,75,1584764.0,1579176.491429,19351.322826,1539096.0,1771544.0,1424116.203751,1437738.171473,103002.496399,1198940.2,1707175.222222,1771478.0,1760681.192381,39235.526294,1585156,1772208,104054.0,474414.129524,592902.920185,102912,1548304,483394.180929,399620.712444,223426.630013,38318.529287,721984.499484,46.0,42.771429,11.945664,19,75,kernels-raw,kernels-1
KERNELS,ENB_EMISSIVITY,96.65,103.841286,16.98611,82.5,140.5,101.1625,103.526462,14.080117,81.735185,139.789474,123.0,123.544762,14.224159,98.0,148.0,83.3,83.297429,9.391479,66.3,132.0,12.541796,13.175746,3.294829,2.978451,20.921287,46.0,42.752381,11.910119,19,56,1.2,1.157857,0.049715,1.1,1.3,1.039024,1.050821,0.074756,0.865,1.261111,1.3,1.292762,0.025924,1.2,1.3,0.0,0.298381,0.473157,0.0,1.1,0.374988,0.312995,0.169973,0.042876,0.55562,46.0,42.752381,11.910119,19,56,1584764.0,1579171.158095,19361.598353,1539096.0,1771544.0,1424116.203751,1437817.332611,103046.671287,1198940.2,1707175.222222,1771476.0,1760503.973333,39604.685738,1585156,1772208,104056.0,475710.209524,593579.462692,102912,1548304,483394.180929,399298.257264,223701.612414,38318.529287,721984.499484,46.0,42.752381,11.910119,19,56,kernels-raw,kernels-1
KERNELS,EO_EMISSIVITY,96.65,103.841286,16.98611,82.5,140.5,101.1625,103.526462,14.080117,81.735185,139.789474,123.0,123.544762,14.224159,98.0,148.0,83.3,83.297429,9.391479,66.3,132.0,12.541796,13.175746,3.294829,2.978451,20.921287,46.0,42.752381,11.910119,19,56,1.2,1.157857,0.049715,1.1,1.3,1.039024,1.050821,0.074756,0.865,1.261111,1.3,1.292762,0.025924,1.2,1.3,0.0,0.298381,0.473157,0.0,1.1,0.374988,0.312995,0.169973,0.042876,0.55562,46.0,42.752381,11.910119,19,56,1584764.0,1579171.158095,19361.598353,1539096.0,1771544.0,1424116.203751,1437817.332611,103046.671287,1198940.2,1707175.222222,1771476.0,1760503.973333,39604.685738,1585156,1772208,104056.0,475710.209524,593579.462692,102912,1548304,483394.180929,399298.257264,223701.612414,38318.529287,721984.499484,46.0,42.752381,11.910119,19,56,kernels-raw,kernels-1
KERNELS,EVAPOTRANSPIRATION_24H,96.65,104.187333,16.678152,84.0,140.5,101.1625,103.887348,13.687232,83.314545,139.789474,123.0,123.497333,14.302666,98.0,148.0,84.6,83.944286,9.014348,67.6,132.0,12.541796,12.98143,3.682125,2.602106,20.921287,44.0,41.624762,12.476638,17,72,1.2,1.161476,0.049682,1.1,1.3,1.035782,1.042549,0.079782,0.826316,1.261111,1.3,1.29619,0.019152,1.2,1.3,0.0,0.260667,0.451061,0.0,1.1,0.38123,0.329868,0.167192,0.044234,0.571891,44.0,41.624762,12.476638,17,72,1584960.0,1582951.628571,23419.349122,1541760.0,1771544.0,1420071.291667,1427047.559595,108841.114812,1148571.368421,1707175.222222,1771488.0,1766720.811429,23126.485268,1589360,1772208,104032.0,428930.331429,566639.612055,102912,1548304,492574.41297,421766.891485,219762.814009,38318.529287,744099.342547,44.0,41.624762,12.476638,17,72,kernels-raw,kernels-1
KERNELS,LAI,96.65,103.834333,16.991389,82.5,140.5,101.1625,103.518361,14.087855,81.735185,139.789474,123.0,123.545429,14.223038,98.0,148.0,83.3,83.276762,9.402127,66.3,132.0,12.541796,13.181841,3.281979,2.978451,20.921287,46.0,42.80381,11.924036,19,73,1.2,1.157762,0.04973,1.1,1.3,1.039077,1.05099,0.074579,0.865,1.261111,1.3,1.292762,0.025924,1.2,1.3,0.0,0.298381,0.473157,0.0,1.1,0.374588,0.312755,0.169819,0.042876,0.55562,46.0,42.80381,11.924036,19,73,1584764.0,1579090.548571,19321.879755,1539096.0,1771544.0,1424468.678261,1438039.699499,102830.235777,1198940.2,1707175.222222,1771476.0,1760503.973333,39604.685738,1585156,1772208,104056.0,475710.209524,593579.462692,102912,1548304,482940.157316,398988.546886,223500.832687,38318.529287,721984.499484,46.0,42.80381,11.924036,19,73,kernels-raw,kernels-1
KERNELS,LARGE_WAVES_RADIATION,96.65,103.883714,16.947601,83.0,140.5,101.1625,103.569287,14.032534,82.455357,139.789474,123.0,123.540857,14.230837,98.0,148.0,83.3,83.36619,9.345542,67.0,132.0,12.541796,13.155154,3.337512,2.978451,20.921287,46.0,42.618095,11.972715,19,56,1.2,1.158238,0.049653,1.1,1.3,1.038743,1.049883,0.075375,0.863158,1.261111,1.3,1.293143,0.025284,1.2,1.3,0.0,0.29419,0.470902,0.0,1.1,0.376223,0.314895,0.169736,0.042876,0.556986,46.0,42.618095,11.972715,19,56,1584790.0,1579477.291429,19383.791243,1540120.0,1771544.0,1423523.924528,1436583.031216,103792.542077,1192654.315789,1707175.222222,1771482.0,1761211.935238,38106.512944,1585156,1772208,104052.0,470522.521905,590845.971791,102912,1548304,484859.543413,401828.653525,223379.057549,38318.529287,721984.499484,46.0,42.618095,11.972715,19,56,kernels-raw,kernels-1
KERNELS,LATENT_HEAT_FLUX,96.65,104.165381,16.69848,83.95,140.5,101.1625,103.864367,13.713049,83.188889,139.789474,123.0,123.500571,14.297368,98.0,148.0,84.6,83.903429,9.037227,67.6,132.0,12.541796,12.993426,3.659215,2.602106,20.921287,44.0,41.68,12.426887,17,74,1.2,1.161238,0.049664,1.1,1.3,1.035849,1.043139,0.079413,0.826316,1.261111,1.3,1.295905,0.019827,1.2,1.3,0.0,0.26381,0.453064,0.0,1.1,0.380452,0.328659,0.167568,0.044234,0.571891,44.0,41.68,12.426887,17,74,1584942.0,1582709.411429,23148.074382,1541760.0,1771544.0,1420457.218018,1427823.702119,108396.255204,1148571.368421,1707175.222222,1771488.0,1766255.592381,24617.37695,1589360,1772208,104032.0,432831.36,569086.063655,102912,1548304,491913.364991,420145.068636,220279.373275,38318.529287,744099.342547,44.0,41.68,12.426887,17,74,kernels-raw,kernels-1
KERNELS,NDVI,96.65,103.830524,16.995547,82.5,140.5,101.1625,103.51551,14.09174,81.735185,139.789474,123.0,123.545429,14.223038,98.0,148.0,83.3,83.276762,9.402127,66.3,132.0,12.541796,13.181522,3.282357,2.978451,20.921287,46.0,42.785714,11.892543,19,56,1.2,1.157762,0.04973,1.1,1.3,1.039077,1.051049,0.074613,0.865,1.261111,1.3,1.292667,0.026081,1.2,1.3,0.0,0.299429,0.473713,0.0,1.1,0.374588,0.312514,0.170022,0.042876,0.55562,46.0,42.785714,11.892543,19,56,1584764.0,1579083.92,19334.318475,1539096.0,1771544.0,1424468.678261,1438117.9397,102874.072217,1198940.2,1707175.222222,1771474.0,1760327.059048,39968.245473,1585156,1772208,104058.0,477007.078095,594253.691988,102912,1548304,482940.157316,398663.54004,223774.440433,38318.529287,721984.499484,46.0,42.785714,11.892543,19,56,kernels-raw,kernels-1
KERNELS,NET_RADIATION,96.65,103.883714,16.947601,83.0,140.5,101.1625,103.569287,14.032534,82.455357,139.789474,123.0,123.540857,14.230837,98.0,148.0,83.3,83.36619,9.345542,67.0,132.0,12.541796,13.155154,3.337512,2.978451,20.921287,46.0,42.618095,11.972715,19,56,1.2,1.158238,0.049653,1.1,1.3,1.038743,1.049883,0.075375,0.863158,1.261111,1.3,1.293143,0.025284,1.2,1.3,0.0,0.29419,0.470902,0.0,1.1,0.376223,0.314895,0.169736,0.042876,0.556986,46.0,42.618095,11.972715,19,56,1584790.0,1579477.291429,19383.791243,1540120.0,1771544.0,1423523.924528,1436583.031216,103792.542077,1192654.315789,1707175.222222,1771482.0,1761211.935238,38106.512944,1585156,1772208,104052.0,470522.521905,590845.971791,102912,1548304,484859.543413,401828.653525,223379.057549,38318.529287,721984.499484,46.0,42.618095,11.972715,19,56,kernels-raw,kernels-1
KERNELS,NET_RADIATION_24H,96.65,104.174571,16.690425,83.95,140.5,101.1625,103.87464,13.702016,83.188889,139.789474,123.0,123.499238,14.299534,98.0,148.0,84.6,83.923714,9.026068,67.6,132.0,12.541796,12.987428,3.670563,2.602106,20.921287,44.0,41.644762,12.437316,17,73,1.2,1.161333,0.049643,1.1,1.3,1.035849,1.042865,0.07964,0.826316,1.261111,1.3,1.296,0.019605,1.2,1.3,0.0,0.262762,0.4524,0.0,1.1,0.380853,0.329143,0.167491,0.044234,0.571891,44.0,41.644762,12.437316,17,73,1584950.0,1582801.220952,23186.016736,1541760.0,1771544.0,1420281.158333,1427463.489085,108671.56541,1148571.368421,1707175.222222,1771488.0,1766405.382857,24166.875739,1589360,1772208,104032.0,431530.605714,568273.649476,102912,1548304,492050.098741,420793.192543,220175.888955,38318.529287,744099.342547,44.0,41.644762,12.437316,17,73,kernels-raw,kernels-1
KERNELS,P1_INITIAL_PROD,96.65,103.794238,16.980546,83.0,140.0,101.1625,103.488807,14.120572,82.455357,139.789474,123.0,123.65,14.541132,98.0,198.0,83.3,83.221429,9.458954,66.3,132.0,12.577837,13.244745,3.30594,2.978451,29.433338,46.5,43.294286,12.216355,19,76,1.2,1.157,0.049843,1.1,1.3,1.04,1.052066,0.073006,0.866667,1.261111,1.3,1.293143,0.025284,1.2,1.3,0.0,0.29419,0.470902,0.0,1.1,0.372115,0.311864,0.167806,0.042876,0.548895,46.5,43.294286,12.216355,19,76,1584712.0,1578513.072381,19125.993067,1540120.0,1771544.0,1426338.311594,1439450.048875,100916.001213,1204833.714286,1707175.222222,1771482.0,1761211.935238,38106.512944,1585156,1772208,104052.0,470522.521905,590845.971791,102912,1548304,481304.394047,397893.949046,220813.710615,38318.529287,707752.548643,46.5,43.294286,12.216355,19,76,kernels-raw,kernels-1
KERNELS,P2_PIXEL_SEL,96.65,103.959429,16.86596,83.95,140.5,101.1625,103.628453,13.952097,83.16,139.789474,123.0,123.540857,14.230837,98.0,148.0,83.3,83.36619,9.345542,67.0,132.0,12.541796,13.159739,3.332192,2.978451,20.921287,46.0,43.015238,12.661681,19,76,1.2,1.158238,0.049653,1.1,1.3,1.038743,1.048557,0.074595,0.863158,1.261111,1.3,1.295238,0.021306,1.2,1.3,0.0,0.271143,0.457618,0.0,1.1,0.376223,0.320182,0.165076,0.043693,0.556986,46.0,43.015238,12.661681,19,76,1584790.0,1579585.329524,19188.980354,1541760.0,1771544.0,1423523.924528,1434860.579754,102764.802533,1192654.315789,1707175.222222,1771486.0,1765101.76381,28173.40413,1585632,1772208,104032.0,441938.342857,574658.209156,102912,1548304,484859.543413,409002.724166,217030.588549,38318.529287,721984.499484,46.0,43.015238,12.661681,19,76,kernels-raw,kernels-1
KERNELS,P3_RAH,96.65,104.124619,16.731099,83.95,140.5,101.1625,103.815027,13.762521,83.188889,139.789474,123.0,123.51181,14.278958,98.0,148.0,84.3,83.77981,9.105303,67.6,132.0,12.541796,13.030829,3.587947,2.680461,20.921287,45.0,41.975238,12.496839,18,75,1.2,1.160571,0.049619,1.1,1.3,1.036451,1.044348,0.078223,0.833333,1.261111,1.3,1.29581,0.020047,1.2,1.3,0.0,0.264857,0.453724,0.0,1.1,0.379184,0.326943,0.166919,0.044234,0.571891,45.0,41.975238,12.496839,18,75,1584932.0,1581974.782857,22099.94103,1541760.0,1771544.0,1420879.502041,1429391.812261,107004.199921,1162273.777778,1707175.222222,1771488.0,1766079.135238,25236.690525,1586124,1772208,104032.0,434133.337143,569895.933727,102912,1548304,490441.869861,417884.177606,219408.728363,38318.529287,744099.342547,45.0,41.975238,12.496839,18,75,kernels-raw,kernels-1
KERNELS,P4_FINAL_PROD,96.65,104.17519,16.687674,84.0,140.5,101.1625,103.871809,13.702574,83.314545,139.789474,123.0,123.500571,14.297368,98.0,148.0,84.6,83.903429,9.037227,67.6,132.0,12.541796,12.993886,3.658739,2.602106,20.921287,44.0,41.729524,12.512917,17,74,1.2,1.161238,0.049664,1.1,1.3,1.035849,1.042957,0.079294,0.826316,1.261111,1.3,1.29619,0.019152,1.2,1.3,0.0,0.260667,0.451061,0.0,1.1,0.380452,0.329379,0.166886,0.044234,0.571891,44.0,41.729524,12.512917,17,74,1584942.0,1582718.485714,23133.595624,1541760.0,1771544.0,1420457.218018,1427583.696383,108239.063928,1148571.368421,1707175.222222,1771488.0,1766720.811429,23126.485268,1589360,1772208,104032.0,428930.331429,566639.612055,102912,1548304,491913.364991,421127.851675,219345.087349,38318.529287,744099.342547,44.0,41.729524,12.512917,17,74,kernels-raw,kernels-1
KERNELS,PIXEL_FILTER,96.65,103.94219,16.884528,83.0,140.5,101.1625,103.615308,13.969836,82.455357,139.789474,123.0,123.540857,14.230837,98.0,148.0,83.3,83.36619,9.345542,67.0,132.0,12.541796,13.15892,3.333157,2.978451,20.921287,46.0,42.926667,12.5114,19,76,1.2,1.158238,0.049653,1.1,1.3,1.038743,1.048841,0.074772,0.863158,1.261111,1.3,1.294762,0.02229,1.2,1.3,0.0,0.276381,0.460772,0.0,1.1,0.376223,0.319007,0.166157,0.042876,0.556986,46.0,42.926667,12.5114,19,76,1584790.0,1579560.491429,19233.11153,1540764.0,1771544.0,1423523.924528,1435233.13482,102998.870688,1192654.315789,1707175.222222,1771484.0,1764218.106667,30752.151279,1585512,1772208,104040.0,448434.47619,578502.017743,102912,1548304,484859.543413,407401.486188,218506.037979,38318.529287,721984.499484,46.0,42.926667,12.5114,19,76,kernels-raw,kernels-1
KERNELS,P_TOTAL,91.4,92.132667,10.966365,74.2,115.5,81.840163,81.437358,6.493026,68.987425,92.213018,148.0,148.079048,29.169387,99.0,199.0,0.0,0.013333,0.114752,0.0,1.0,40.576847,42.175256,13.50065,22.930959,68.329528,167.0,166.894286,2.335384,161,209,1.0,1.0,0.0,1.0,1.0,0.822892,0.823613,0.005869,0.809146,0.874163,1.3,1.3,0.0,1.3,1.3,0.0,0.0,0.0,0.0,0.0,0.387472,0.387111,0.003312,0.361091,0.396592,167.0,166.894286,2.335384,161,209,1419532.0,1419795.674286,2963.674053,1413380.0,1447932.0,1148632.291882,1149516.636496,7624.559566,1131426.071429,1218634.583732,1771498.0,1771487.44,289.662831,1770532,1772208,10720.0,18729.958095,22510.967716,10080,104560,504967.65104,504487.277085,4248.111666,470557.907212,516796.567558,167.0,166.894286,2.335384,161,209,kernels-raw,kernels-1
KERNELS,RADIANCE,96.65,103.741333,16.99481,82.5,140.0,101.1625,103.461944,14.160353,81.735185,139.789474,123.0,123.65,14.541132,98.0,198.0,83.3,83.223333,9.462234,66.3,132.0,12.577837,13.25026,3.35574,2.978451,33.832624,46.5,43.064762,11.805849,19,74,1.2,1.157,0.049843,1.1,1.3,1.04,1.052803,0.073398,0.866667,1.261111,1.3,1.292,0.027142,1.2,1.3,0.0,0.306762,0.477523,0.0,1.1,0.372115,0.308947,0.170222,0.041682,0.548895,46.5,43.064762,11.805849,19,74,1584712.0,1578446.56,19253.416568,1536872.0,1771544.0,1426338.311594,1440417.555912,101433.005689,1204833.714286,1707175.222222,1771470.0,1759088.201905,42416.310249,1585016,1772208,104064.0,486081.405714,598863.389513,102912,1548304,481304.394047,393947.138401,224064.987989,38318.529287,707752.548643,46.5,43.064762,11.805849,19,74,kernels-raw,kernels-1
KERNELS,RAH_CYCLE,96.65,104.124048,16.733654,83.95,140.5,101.1625,103.817764,13.761968,83.188889,139.789474,123.0,123.510476,14.281127,98.0,148.0,84.3,83.800381,9.094012,67.6,132.0,12.541796,13.02424,3.600221,2.680461,20.921287,45.0,41.889524,12.413559,18,74,1.2,1.160667,0.049598,1.1,1.3,1.036267,1.044289,0.078506,0.833333,1.261111,1.3,1.295619,0.020477,1.2,1.3,0.0,0.266952,0.455036,0.0,1.1,0.379471,0.326707,0.167523,0.043693,0.571891,45.0,41.889524,12.413559,18,74,1584932.0,1582098.44,22310.568189,1541760.0,1771544.0,1420787.187147,1429319.847526,107339.16873,1162273.777778,1707175.222222,1771488.0,1765777.420952,26103.008796,1586124,1772208,104032.0,436732.209524,571494.305016,102912,1548304,490820.697427,417547.643118,220232.099928,38318.529287,744099.342547,45.0,41.889524,12.413559,18,74,kernels-raw,kernels-1
KERNELS,RAH_INI,96.65,104.113524,16.745005,83.95,140.5,101.1625,103.809948,13.772714,83.16,139.789474,123.0,123.510476,14.281127,98.0,148.0,84.3,83.800381,9.094012,67.6,132.0,12.541796,13.023859,3.600607,2.680461,20.921287,45.0,41.837143,12.320364,18,56,1.2,1.160667,0.049598,1.1,1.3,1.036267,1.044479,0.078624,0.833333,1.261111,1.3,1.295333,0.021102,1.2,1.3,0.0,0.270095,0.456977,0.0,1.1,0.379471,0.325978,0.168192,0.043693,0.571891,45.0,41.837143,12.320364,18,56,1584932.0,1582089.449524,22325.095581,1541760.0,1771544.0,1420787.187147,1429565.536458,107494.201891,1162273.777778,1707175.222222,1771488.0,1765278.678095,27626.424225,1585632,1772208,104032.0,440637.626667,573874.205386,102912,1548304,490820.697427,416554.268879,221152.327815,38318.529287,744099.342547,45.0,41.837143,12.320364,18,56,kernels-raw,kernels-1
KERNELS,REFLECTANCE,96.65,103.771048,16.986401,82.5,140.0,101.1625,103.47971,14.136713,81.735185,139.789474,123.0,123.649333,14.542279,98.0,198.0,83.3,83.229619,9.450767,66.3,132.0,12.577837,13.243113,3.338495,2.978451,33.656914,46.0,43.111429,11.973516,19,76,1.2,1.157095,0.049829,1.1,1.3,1.04,1.052315,0.073444,0.866667,1.261111,1.3,1.292476,0.02639,1.2,1.3,0.0,0.301524,0.474816,0.0,1.1,0.372429,0.310419,0.169393,0.041682,0.55562,46.0,43.111429,11.973516,19,76,1584714.0,1578542.205714,19205.839867,1538048.0,1771544.0,1426032.722705,1439778.912539,101473.267079,1204833.714286,1707175.222222,1771472.0,1759973.230476,40687.13712,1585096,1772208,104060.0,479599.257143,595586.962894,102912,1548304,481467.302729,395917.135472,222944.964209,38318.529287,716413.817772,46.0,43.111429,11.973516,19,76,kernels-raw,kernels-1
KERNELS,SENSIBLE_HEAT_FLUX,96.65,104.14919,16.712113,83.95,140.5,101.1625,103.846109,13.732095,83.188889,139.789474,123.0,123.504095,14.291586,98.0,148.0,84.3,83.862571,9.059863,67.6,132.0,12.541796,13.005621,3.636007,2.602106,20.921287,44.0,41.767619,12.428069,17,75,1.2,1.161048,0.049707,1.1,1.3,1.036056,1.043598,0.079032,0.826316,1.261111,1.3,1.29581,0.020047,1.2,1.3,0.0,0.264857,0.453724,0.0,1.1,0.379954,0.32792,0.167526,0.044234,0.571891,44.0,41.767619,12.428069,17,75,1584940.0,1582477.106667,22910.626992,1541760.0,1771544.0,1420628.652338,1428423.443299,107940.508265,1162273.777778,1707175.222222,1771488.0,1766079.135238,25236.690525,1586124,1772208,104032.0,434133.337143,569895.933727,102912,1548304,491463.382644,419158.770596,220219.408822,38318.529287,744099.342547,44.0,41.767619,12.428069,17,75,kernels-raw,kernels-1
KERNELS,SHORT_WAVE_RADIATION,96.65,103.876905,16.952951,83.0,140.5,101.1625,103.562085,14.039984,82.455357,139.789474,123.0,123.542476,14.228059,98.0,148.0,83.3,83.359619,9.354415,67.0,132.0,12.541796,13.159135,3.330504,2.978451,20.921287,46.0,42.670476,11.99396,19,75,1.2,1.158143,0.049669,1.1,1.3,1.038776,1.050046,0.075214,0.863158,1.261111,1.3,1.293143,0.025284,1.2,1.3,0.0,0.29419,0.470902,0.0,1.1,0.375827,0.314661,0.169592,0.042876,0.556986,46.0,42.670476,11.99396,19,75,1584782.0,1579390.967619,19334.901098,1540120.0,1771544.0,1423601.132075,1436798.079533,103595.961124,1192654.315789,1707175.222222,1771482.0,1761211.935238,38106.512944,1585156,1772208,104052.0,470522.521905,590845.971791,102912,1548304,484814.488137,401522.269758,223181.134928,38318.529287,721984.499484,46.0,42.670476,11.99396,19,75,kernels-raw,kernels-1
KERNELS,SOIL_HEAT_FLUX,96.65,103.883714,16.947601,83.0,140.5,101.1625,103.569287,14.032534,82.455357,139.789474,123.0,123.540857,14.230837,98.0,148.0,83.3,83.36619,9.345542,67.0,132.0,12.541796,13.155154,3.337512,2.978451,20.921287,46.0,42.618095,11.972715,19,56,1.2,1.158238,0.049653,1.1,1.3,1.038743,1.049883,0.075375,0.863158,1.261111,1.3,1.293143,0.025284,1.2,1.3,0.0,0.29419,0.470902,0.0,1.1,0.376223,0.314895,0.169736,0.042876,0.556986,46.0,42.618095,11.972715,19,56,1584790.0,1579477.291429,19383.791243,1540120.0,1771544.0,1423523.924528,1436583.031216,103792.542077,1192654.315789,1707175.222222,1771482.0,1761211.935238,38106.512944,1585156,1772208,104052.0,470522.521905,590845.971791,102912,1548304,484859.543413,401828.653525,223379.057549,38318.529287,721984.499484,46.0,42.618095,11.972715,19,56,kernels-raw,kernels-1
KERNELS,SURFACE_TEMPERATURE,96.65,103.85919,16.968327,83.0,140.5,101.1625,103.543193,14.059978,82.455357,139.789474,123.0,123.544095,14.22528,98.0,148.0,83.3,83.318,9.379395,66.3,132.0,12.541796,13.170841,3.305815,2.978451,20.921287,46.0,42.755238,11.989195,19,74,1.2,1.157952,0.0497,1.1,1.3,1.038957,1.050467,0.074827,0.865,1.261111,1.3,1.293048,0.025446,1.2,1.3,0.0,0.295238,0.47147,0.0,1.1,0.375195,0.313946,0.169498,0.042876,0.55562,46.0,42.755238,11.989195,19,74,1584766.0,1579247.729524,19332.6367,1539948.0,1771544.0,1423749.197188,1437353.96837,103119.401255,1198940.2,1707175.222222,1771480.0,1761035.020952,38486.676204,1585156,1772208,104052.0,471819.142857,591534.539239,102912,1548304,484040.60339,400576.29225,223053.718672,38318.529287,721984.499484,46.0,42.755238,11.989195,19,74,kernels-raw,kernels-1
KERNELS,USTAR,96.65,104.107524,16.749545,83.95,140.5,101.1625,103.80216,13.780211,83.16,139.789474,123.0,123.51181,14.278958,98.0,148.0,84.3,83.77981,9.105303,67.6,132.0,12.541796,13.030141,3.588659,2.680461,20.921287,45.0,41.888571,12.34181,18,74,1.2,1.160571,0.049619,1.1,1.3,1.036451,1.044664,0.078417,0.833333,1.261111,1.3,1.295333,0.021102,1.2,1.3,0.0,0.270095,0.456977,0.0,1.1,0.379184,0.32574,0.168034,0.043693,0.571891,45.0,41.888571,12.34181,18,74,1584932.0,1581960.306667,22123.690377,1541760.0,1771544.0,1420879.502041,1429801.94435,107261.324624,1162273.777778,1707175.222222,1771488.0,1765278.678095,27626.424225,1585632,1772208,104032.0,440637.626667,573874.205386,102912,1548304,490441.869861,416242.546976,220938.133911,38318.529287,744099.342547,45.0,41.888571,12.34181,18,74,kernels-raw,kernels-1
KERNELS,ZOM,96.65,104.103714,16.753598,83.95,140.5,101.1625,103.799275,13.78416,83.16,139.789474,123.0,123.51181,14.278958,98.0,148.0,84.3,83.77981,9.105303,67.6,132.0,12.541796,13.029959,3.588843,2.680461,20.921287,45.0,41.869524,12.30759,18,56,1.2,1.160571,0.049619,1.1,1.3,1.036451,1.044732,0.078457,0.833333,1.261111,1.3,1.295238,0.021306,1.2,1.3,0.0,0.271143,0.457618,0.0,1.1,0.379184,0.325485,0.168258,0.043693,0.571891,45.0,41.869524,12.30759,18,56,1584932.0,1581955.430476,22131.557437,1541760.0,1771544.0,1420879.502041,1429889.502828,107313.807211,1162273.777778,1707175.222222,1771486.0,1765101.76381,28173.40413,1585632,1772208,104032.0,441938.342857,574658.209156,102912,1548304,490441.869861,415894.272305,221244.695393,38318.529287,744099.342547,45.0,41.869524,12.30759,18,56,kernels-raw,kernels-1
SERIAL,P0_READ_INPUT,91.4,91.572,11.61951,71.55,115.5,81.826429,80.866679,7.249151,65.833562,92.213018,148.0,148.079048,29.169387,99.0,199.0,0.0,0.013333,0.114752,0.0,1.0,40.576847,42.242177,13.457392,23.47679,69.982192,166.0,163.026667,6.411177,145,209,1.0,1.000095,0.003086,1.0,1.1,0.825166,0.827765,0.009944,0.807483,0.890751,1.3,1.291905,0.027289,1.2,1.3,0.0,0.0,0.0,0.0,0.0,0.384842,0.380066,0.009583,0.356804,0.396592,166.0,163.026667,6.411177,145,209,1420408.0,1420795.060952,4281.964741,1408608.0,1449304.0,1151426.778602,1154991.975029,12978.834204,1128132.27027,1236930.242775,1771468.0,1758911.287619,42749.955801,1585016,1772208,10720.0,18729.958095,22510.967716,10080,104560,501699.988293,495610.800526,12115.745005,466148.765868,514081.36891,166.0,163.026667,6.411177,145,209,kernels-raw,kernels-1
SERIAL,P5_COPY_HOST,96.65,104.396429,16.466887,85.0,140.5,101.1625,104.042267,13.487693,83.734524,139.789474,123.0,123.493143,14.309714,98.0,148.0,84.6,83.98581,8.990035,67.6,132.0,12.541796,12.964848,3.710054,2.546714,20.921287,44.0,42.578095,14.142408,16,84,1.2,1.161714,0.049698,1.1,1.3,1.035635,1.037642,0.076927,0.826316,1.261111,1.3,1.3,0.0,1.3,1.3,0.0,0.190476,0.397328,0.0,1.1,0.381628,0.346586,0.15094,0.055656,0.577314,44.0,42.578095,14.142408,16,84,1584972.0,1583320.230476,23731.24798,1546000.0,1771544.0,1419794.629234,1420628.17866,104964.005538,1148571.368421,1707175.222222,1771494.0,1771485.76381,289.243709,1770532,1772208,103980.0,341381.497143,500154.518213,102912,1548304,493271.87131,444432.365561,197490.425864,55328.237984,744099.342547,44.0,42.578095,14.142408,16,84,kernels-raw,kernels-1
SERIAL,P6_SAVE_PRODS,96.65,105.068905,15.913699,73.95,140.5,101.1625,104.669104,12.83533,81.15,139.789474,123.0,123.246095,14.692452,94.3,148.0,86.6,85.330381,8.284795,70.3,132.0,12.51702,12.480012,4.464584,2.056419,20.921287,41.0,40.550476,15.425698,14,77,1.2,1.16619,0.05583,0.8,1.3,1.03,1.009877,0.081764,0.714286,1.261111,1.3,1.3,0.0,1.3,1.3,0.0,0.04381,0.175433,0.0,1.1,0.400618,0.39686,0.114756,0.073535,0.597062,41.0,40.550476,15.425698,14,77,1585092.0,1584567.386667,47460.425229,1115988.0,1771592.0,1409730.915686,1384240.936667,108821.60084,1010872.571429,1707175.222222,1771498.0,1771487.44,289.662831,1770532,1772208,103912.0,156321.097143,216225.389252,102912,1507164,515485.463361,511248.425981,147806.713965,80876.933771,768284.391194,41.0,40.550476,15.425698,14,77,kernels-raw,kernels-1
