STRATEGY,PHASE,TIMESTAMP_count,TIMESTAMP_median,TIMESTAMP_mean,TIMESTAMP_std,TIMESTAMP_min,TIMESTAMP_max,strategy,algorithm
SERIAL,P0_READ_INPUT,1050,2586.802246,2586.518337,24.657602,2559.790527,3351.874512,kernels-raw,kernels-1
KERNELS,RADIANCE,1050,0.533376,0.529611,0.046548,0.476864,0.6248,kernels-raw,kernels-1
KERNELS,REFLECTANCE,1050,3.364864,3.483125,0.155833,3.3544,3.713024,kernels-raw,kernels-1
KERNELS,ALBEDO,1050,1.752064,1.752174,0.002789,1.748992,1.800352,kernels-raw,kernels-1
KERNELS,NDVI,1050,0.671744,0.67181,0.002251,0.665312,0.705536,kernels-raw,kernels-1
KERNELS,LAI,1050,0.769024,0.779816,0.015756,0.756064,0.823232,kernels-raw,kernels-1
KERNELS,ENB_EMISSIVITY,1050,0.55808,0.563532,0.008034,0.55552,0.577408,kernels-raw,kernels-1
KERNELS,EO_EMISSIVITY,1050,0.562176,0.567357,0.01032,0.55808,0.78336,kernels-raw,kernels-1
KERNELS,EA_EMISSIVITY,1050,0.51088,0.521646,0.016327,0.507904,0.549888,kernels-raw,kernels-1
KERNELS,SURFACE_TEMPERATURE,1050,0.683008,0.687828,0.007497,0.68096,0.704512,kernels-raw,kernels-1
KERNELS,SHORT_WAVE_RADIATION,1050,0.496416,0.508542,0.018741,0.492544,0.557056,kernels-raw,kernels-1
KERNELS,LARGE_WAVES_RADIATION,1050,1.127392,1.127244,0.001829,1.123328,1.147904,kernels-raw,kernels-1
KERNELS,NET_RADIATION,1050,1.312816,1.313241,0.000972,1.310912,1.329152,kernels-raw,kernels-1
KERNELS,SOIL_HEAT_FLUX,1050,0.83216,0.835271,0.00542,0.82944,0.861184,kernels-raw,kernels-1
KERNELS,P1_INITIAL_PROD,1050,13.283696,13.434511,0.261851,13.192544,14.07472,kernels-raw,kernels-1
KERNELS,PIXEL_FILTER,1050,14.60224,13.975962,1.818431,11.839488,22.780928,kernels-raw,kernels-1
KERNELS,P2_PIXEL_SEL,1050,18.057184,17.468122,1.855636,15.250432,26.227615,kernels-raw,kernels-1
KERNELS,ZOM,1050,0.710176,0.706193,0.016006,0.673056,0.736704,kernels-raw,kernels-1
KERNELS,USTAR,1050,0.551936,0.555957,0.016801,0.539648,0.605024,kernels-raw,kernels-1
KERNELS,RAH_INI,1050,0.512,0.508083,0.014755,0.491488,0.540672,kernels-raw,kernels-1
KERNELS,RAH_CYCLE,1050,4.63576,4.698123,0.126082,4.596064,4.994784,kernels-raw,kernels-1
KERNELS,SENSIBLE_HEAT_FLUX,1050,0.821056,0.822448,0.004289,0.817152,0.860032,kernels-raw,kernels-1
KERNELS,P3_RAH,1050,7.904256,7.974061,0.361455,7.79776,17.449984,kernels-raw,kernels-1
KERNELS,LATENT_HEAT_FLUX,1050,0.878384,0.878303,0.001226,0.87552,0.894976,kernels-raw,kernels-1
KERNELS,NET_RADIATION_24H,1050,0.49152,0.500383,0.018759,0.487232,0.623616,kernels-raw,kernels-1
KERNELS,EVAPOTRANSPIRATION_24H,1050,1.333248,1.335124,0.003749,1.33088,1.371136,kernels-raw,kernels-1
KERNELS,P4_FINAL_PROD,1050,2.728928,2.739594,0.023352,2.721472,2.904064,kernels-raw,kernels-1
SERIAL,P5_COPY_HOST,1050,63.727986,63.766614,0.917302,60.716724,67.499893,kernels-raw,kernels-1
SERIAL,P6_SAVE_PRODS,1050,57.527322,57.507622,1.433513,55.000693,60.194973,kernels-raw,kernels-1
KERNELS,P_TOTAL,1050,2969.405,2976.571543,55.875647,2899.14,3734.28,kernels-raw,kernels-1
