STRATEGY,PHASE,CPU_USAGE_PERCENTAGE_median_median,CPU_USAGE_PERCENTAGE_median_mean,CPU_USAGE_PERCENTAGE_median_std,CPU_USAGE_PERCENTAGE_median_min,CPU_USAGE_PERCENTAGE_median_max,CPU_USAGE_PERCENTAGE_mean_median,CPU_USAGE_PERCENTAGE_mean_mean,CPU_USAGE_PERCENTAGE_mean_std,CPU_USAGE_PERCENTAGE_mean_min,CPU_USAGE_PERCENTAGE_mean_max,CPU_USAGE_PERCENTAGE_max_median,CPU_USAGE_PERCENTAGE_max_mean,CPU_USAGE_PERCENTAGE_max_std,CPU_USAGE_PERCENTAGE_max_min,CPU_USAGE_PERCENTAGE_max_max,CPU_USAGE_PERCENTAGE_min_median,CPU_USAGE_PERCENTAGE_min_mean,CPU_USAGE_PERCENTAGE_min_std,CPU_USAGE_PERCENTAGE_min_min,CPU_USAGE_PERCENTAGE_min_max,CPU_USAGE_PERCENTAGE_std_median,CPU_USAGE_PERCENTAGE_std_mean,CPU_USAGE_PERCENTAGE_std_std,CPU_USAGE_PERCENTAGE_std_min,CPU_USAGE_PERCENTAGE_std_max,CPU_USAGE_PERCENTAGE_count_median,CPU_USAGE_PERCENTAGE_count_mean,CPU_USAGE_PERCENTAGE_count_std,CPU_USAGE_PERCENTAGE_count_min,CPU_USAGE_PERCENTAGE_count_max,MEM_USAGE_PERCENTAGE_median_median,MEM_USAGE_PERCENTAGE_median_mean,MEM_USAGE_PERCENTAGE_median_std,MEM_USAGE_PERCENTAGE_median_min,MEM_USAGE_PERCENTAGE_median_max,MEM_USAGE_PERCENTAGE_mean_median,MEM_USAGE_PERCENTAGE_mean_mean,MEM_USAGE_PERCENTAGE_mean_std,MEM_USAGE_PERCENTAGE_mean_min,MEM_USAGE_PERCENTAGE_mean_max,MEM_USAGE_PERCENTAGE_max_median,MEM_USAGE_PERCENTAGE_max_mean,MEM_USAGE_PERCENTAGE_max_std,MEM_USAGE_PERCENTAGE_max_min,MEM_USAGE_PERCENTAGE_max_max,MEM_USAGE_PERCENTAGE_min_median,MEM_USAGE_PERCENTAGE_min_mean,MEM_USAGE_PERCENTAGE_min_std,MEM_USAGE_PERCENTAGE_min_min,MEM_USAGE_PERCENTAGE_min_max,MEM_USAGE_PERCENTAGE_std_median,MEM_USAGE_PERCENTAGE_std_mean,MEM_USAGE_PERCENTAGE_std_std,MEM_USAGE_PERCENTAGE_std_min,MEM_USAGE_PERCENTAGE_std_max,MEM_USAGE_PERCENTAGE_count_median,MEM_USAGE_PERCENTAGE_count_mean,MEM_USAGE_PERCENTAGE_count_std,MEM_USAGE_PERCENTAGE_count_min,MEM_USAGE_PERCENTAGE_count_max,MEM_USAGE_MB_median_median,MEM_USAGE_MB_median_mean,MEM_USAGE_MB_median_std,MEM_USAGE_MB_median_min,MEM_USAGE_MB_median_max,MEM_USAGE_MB_mean_median,MEM_USAGE_MB_mean_mean,MEM_USAGE_MB_mean_std,MEM_USAGE_MB_mean_min,MEM_USAGE_MB_mean_max,MEM_USAGE_MB_max_median,MEM_USAGE_MB_max_mean,MEM_USAGE_MB_max_std,MEM_USAGE_MB_max_min,MEM_USAGE_MB_max_max,MEM_USAGE_MB_min_median,MEM_USAGE_MB_min_mean,MEM_USAGE_MB_min_std,MEM_USAGE_MB_min_min,MEM_USAGE_MB_min_max,MEM_USAGE_MB_std_median,MEM_USAGE_MB_std_mean,MEM_USAGE_MB_std_std,MEM_USAGE_MB_std_min,MEM_USAGE_MB_std_max,MEM_USAGE_MB_count_median,MEM_USAGE_MB_count_mean,MEM_USAGE_MB_count_std,MEM_USAGE_MB_count_min,MEM_USAGE_MB_count_max,strategy,algorithm
KERNELS,ALBEDO,214.75,199.276141,53.189812,138.0,304.0,180.92345,190.219926,32.846474,146.134615,288.2,273.0,268.290875,20.409672,222.0,322.0,128.0,104.338403,56.638315,0.0,273.0,55.21306,66.603698,30.185771,8.964844,131.624701,46.0,42.881179,11.694581,19,75,1.2,1.15789,0.050256,1.1,1.3,1.043478,1.055568,0.069655,0.857895,1.22439,1.3,1.292681,0.026058,1.2,1.3,0.0,0.290684,0.467343,0.0,1.1,0.368356,0.310009,0.164908,0.041964,0.559082,46.0,42.881179,11.694581,19,75,1584930.0,1578857.8327,21185.953715,1537112.0,1771960.0,1432054.192691,1443426.60425,96788.892622,1183531.578947,1654347.219512,1771388.0,1760042.844106,40662.824468,1585084,1772200,103960.0,465366.13308,584749.520388,102832,1550076,475955.975384,395735.791058,216787.836061,39626.476379,719556.618156,46.0,42.881179,11.694581,19,75,kernels-streams-seq,kernels-1
KERNELS,EA_EMISSIVITY,214.75,199.634981,53.579288,138.0,304.0,180.966328,190.907173,33.530412,146.134615,292.315789,273.0,268.408745,20.530227,222.0,322.0,128.0,105.552281,56.860238,0.0,277.0,55.082897,66.054905,30.16258,8.691261,131.624701,45.0,42.642586,11.721296,19,75,1.2,1.15846,0.050163,1.1,1.3,1.043019,1.054368,0.070619,0.857895,1.22439,1.3,1.293061,0.025424,1.2,1.3,0.0,0.286502,0.464996,0.0,1.1,0.368842,0.312362,0.164991,0.041964,0.559082,45.0,42.642586,11.721296,19,75,1584934.0,1579369.011407,21340.149255,1537112.0,1771960.0,1431557.424242,1441838.136114,97980.088837,1183531.578947,1654347.219512,1771388.0,1760749.460076,39211.590307,1585092,1772200,103954.0,460201.041825,581911.4424,102832,1550076,477238.146885,398840.156475,216881.951058,39626.476379,721787.731151,45.0,42.642586,11.721296,19,75,kernels-streams-seq,kernels-1
KERNELS,ENB_EMISSIVITY,214.75,199.555133,53.501903,138.0,304.0,180.932576,190.754048,33.447038,146.134615,292.315789,273.0,268.35076,20.47257,222.0,322.0,128.0,105.406844,56.934385,0.0,277.0,55.093972,66.136003,30.184359,8.691261,131.624701,45.0,42.656844,11.67035,19,56,1.2,1.158365,0.050179,1.1,1.3,1.043289,1.054621,0.070563,0.857895,1.22439,1.3,1.292871,0.025744,1.2,1.3,0.0,0.288593,0.466176,0.0,1.1,0.368816,0.311669,0.165282,0.041964,0.559082,45.0,42.656844,11.67035,19,56,1584932.0,1579269.923954,21309.997565,1537112.0,1771960.0,1431602.729207,1442170.269836,97919.398402,1183531.578947,1654347.219512,1771388.0,1760396.304183,39943.59779,1585092,1772200,103958.0,462785.144487,583341.243941,102832,1550076,477093.764127,397911.805804,217270.442073,39626.476379,721787.731151,45.0,42.656844,11.67035,19,56,kernels-streams-seq,kernels-1
KERNELS,EO_EMISSIVITY,214.75,199.569392,53.510289,138.0,304.0,180.943411,190.786608,33.429805,146.134615,292.315789,273.0,268.379278,20.501321,222.0,322.0,128.0,105.406844,56.934385,0.0,277.0,55.093972,66.134853,30.18244,8.691261,131.624701,45.0,42.675856,11.705085,19,74,1.2,1.158365,0.050179,1.1,1.3,1.043289,1.054569,0.070532,0.857895,1.22439,1.3,1.292966,0.025584,1.2,1.3,0.0,0.287548,0.465587,0.0,1.1,0.368816,0.311897,0.165076,0.041964,0.559082,45.0,42.675856,11.705085,19,74,1584932.0,1579277.110266,21298.006671,1537112.0,1771960.0,1431602.729207,1442101.168113,97877.936267,1183531.578947,1654347.219512,1771388.0,1760572.882129,39579.698494,1585092,1772200,103958.0,461491.741445,582625.840802,102832,1550076,477093.764127,398222.902089,216992.236623,39626.476379,721787.731151,45.0,42.675856,11.705085,19,74,kernels-streams-seq,kernels-1
KERNELS,EVAPOTRANSPIRATION_24H,219.0,201.887833,55.791969,138.0,304.5,183.356349,195.450108,36.931745,147.185185,296.85,274.0,269.425856,21.407629,222.0,322.0,130.0,114.538973,60.788675,0.0,280.0,53.796811,62.459223,30.301294,7.672525,131.624701,44.0,41.451521,12.315567,16,73,1.2,1.161835,0.049548,1.1,1.3,1.041176,1.046065,0.076149,0.823529,1.22439,1.3,1.296483,0.01843,1.2,1.3,0.0,0.248859,0.441527,0.0,1.1,0.376662,0.329471,0.162356,0.043962,0.570668,44.0,41.451521,12.315567,16,73,1585036.0,1583297.728137,24966.193299,1542532.0,1771960.0,1427739.976471,1431101.309564,104273.765331,1140061.176471,1654347.219512,1771408.0,1766998.737643,22068.869789,1595528,1772200,103928.0,413613.8327,553359.965091,102832,1550076,485262.291591,421526.743448,213066.529751,39804.657102,744052.932082,44.0,41.451521,12.315567,16,73,kernels-streams-seq,kernels-1
KERNELS,LAI,214.75,199.456749,53.379151,138.0,304.0,180.932576,190.559497,33.160396,146.134615,288.2,273.0,268.35076,20.47257,222.0,322.0,128.0,104.88308,56.633318,0.0,273.0,55.141702,66.344378,30.167407,8.691261,131.624701,45.0,42.760456,11.701799,19,74,1.2,1.158175,0.050211,1.1,1.3,1.043396,1.054948,0.070199,0.857895,1.22439,1.3,1.292871,0.025744,1.2,1.3,0.0,0.288593,0.466176,0.0,1.1,0.368667,0.311191,0.164974,0.041964,0.559082,45.0,42.760456,11.701799,19,74,1584932.0,1579097.452471,21217.522497,1537112.0,1771960.0,1431854.088889,1442603.228357,97466.35285,1183531.578947,1654347.219512,1771388.0,1760396.304183,39943.59779,1585092,1772200,103958.0,462785.144487,583341.243941,102832,1550076,476881.682178,397291.002193,216858.322774,39626.476379,719556.618156,45.0,42.760456,11.701799,19,74,kernels-streams-seq,kernels-1
KERNELS,LARGE_WAVES_RADIATION,214.75,199.765209,53.717563,138.0,304.0,181.022045,191.16395,33.770196,146.134615,292.315789,273.0,268.467681,20.604192,222.0,322.0,128.0,106.072243,57.142755,0.0,277.0,55.057379,65.849398,30.182007,8.691261,131.624701,45.0,42.575095,11.753375,19,74,1.2,1.15865,0.050131,1.1,1.3,1.042857,1.053893,0.070978,0.857895,1.22439,1.3,1.293251,0.025099,1.2,1.3,0.0,0.284411,0.463803,0.0,1.1,0.369352,0.313338,0.164904,0.041964,0.559082,45.0,42.575095,11.753375,19,74,1584940.0,1579534.106464,21381.006008,1537112.0,1771960.0,1431383.820578,1441214.556114,98403.543542,1183531.578947,1654347.219512,1771390.0,1761102.61597,38459.194223,1585092,1772200,103952.0,457616.136882,580466.518073,102832,1550076,477326.449046,400131.782588,216748.561614,39626.476379,721787.731151,45.0,42.575095,11.753375,19,74,kernels-streams-seq,kernels-1
KERNELS,LATENT_HEAT_FLUX,218.5,201.795627,55.720248,138.0,304.5,183.199134,195.255102,36.906128,146.134615,296.85,274.0,269.343156,21.337154,222.0,322.0,130.0,114.281369,60.699151,0.0,280.0,53.823075,62.563413,30.301207,7.672525,131.624701,44.0,41.451521,12.238843,16,56,1.2,1.16174,0.04957,1.1,1.3,1.04132,1.046394,0.076154,0.823529,1.22439,1.3,1.296198,0.019134,1.2,1.3,0.0,0.251996,0.443653,0.0,1.1,0.376454,0.328514,0.162932,0.043962,0.570668,44.0,41.451521,12.238843,16,56,1585032.0,1583142.595057,24773.768893,1542040.0,1771960.0,1427798.122207,1431526.372056,104295.840644,1140061.176471,1654347.219512,1771408.0,1766471.437262,24080.430477,1585404,1772200,103928.0,417502.764259,555956.586481,102832,1550076,485098.851971,420236.148347,213859.763479,39626.476379,744052.932082,44.0,41.451521,12.238843,16,56,kernels-streams-seq,kernels-1
KERNELS,NDVI,214.75,199.42443,53.359593,138.0,304.0,180.92345,190.491668,33.201045,146.134615,288.2,273.0,268.290875,20.409672,222.0,322.0,128.0,104.88308,56.633318,0.0,273.0,55.141702,66.34399,30.166736,8.691261,131.624701,45.0,42.724335,11.635932,19,56,1.2,1.158175,0.050211,1.1,1.3,1.043396,1.055062,0.070262,0.857895,1.22439,1.3,1.292681,0.026058,1.2,1.3,0.0,0.290684,0.467343,0.0,1.1,0.368667,0.310718,0.165385,0.041964,0.559082,45.0,42.724335,11.635932,19,56,1584932.0,1579086.197719,21237.20994,1537112.0,1771960.0,1431854.088889,1442754.033423,97548.157488,1183531.578947,1654347.219512,1771388.0,1760042.844106,40662.824468,1585084,1772200,103960.0,465366.13308,584749.520388,102832,1550076,476881.682178,396650.916531,217410.270783,39626.476379,719556.618156,45.0,42.724335,11.635932,19,56,kernels-streams-seq,kernels-1
KERNELS,NET_RADIATION,214.75,199.813213,53.788593,138.0,304.5,181.022045,191.255101,33.925714,146.134615,296.85,273.0,268.467681,20.604192,222.0,322.0,128.0,106.224335,57.07305,0.0,277.0,55.043387,65.764956,30.1489,8.691261,131.624701,45.0,42.523764,11.733904,19,56,1.2,1.158745,0.050114,1.1,1.3,1.042857,1.053723,0.07118,0.857895,1.22439,1.3,1.293251,0.025099,1.2,1.3,0.0,0.284411,0.463803,0.0,1.1,0.36945,0.313572,0.165064,0.041964,0.559082,45.0,42.523764,11.733904,19,56,1584940.0,1579639.885932,21493.069733,1537112.0,1771960.0,1431273.266091,1440992.524961,98645.168364,1183531.578947,1654347.219512,1771390.0,1761102.61597,38459.194223,1585092,1772200,103952.0,457616.136882,580466.518073,102832,1550076,477442.313983,400436.480757,216962.829325,39626.476379,721787.731151,45.0,42.523764,11.733904,19,56,kernels-streams-seq,kernels-1
KERNELS,NET_RADIATION_24H,219.0,201.810837,55.726858,138.0,304.5,183.199134,195.287348,36.877978,147.185185,296.85,274.0,269.369772,21.354182,222.0,322.0,130.0,114.281369,60.699151,0.0,280.0,53.823075,62.563937,30.302165,7.672525,131.624701,44.0,41.467681,12.263981,16,69,1.2,1.16174,0.04957,1.1,1.3,1.04132,1.046344,0.076118,0.823529,1.22439,1.3,1.296293,0.018903,1.2,1.3,0.0,0.250951,0.442948,0.0,1.1,0.376454,0.328738,0.162703,0.043962,0.570668,44.0,41.467681,12.263981,16,69,1585032.0,1583149.515209,24763.291182,1542524.0,1771960.0,1427798.122207,1431461.510201,104250.518314,1140061.176471,1654347.219512,1771408.0,1766647.863118,23428.911802,1585404,1772200,103928.0,416207.790875,555096.935107,102832,1550076,485098.851971,420541.253981,213546.184807,39626.476379,744052.932082,44.0,41.467681,12.263981,16,69,kernels-streams-seq,kernels-1
KERNELS,P1_INITIAL_PROD,214.75,199.138308,52.969222,138.0,304.0,181.087715,190.000786,32.098181,146.134615,288.2,273.0,268.498099,20.634488,222.0,322.0,128.0,103.389734,56.559612,0.0,271.0,55.458652,67.039528,30.200627,9.272909,131.624701,46.0,43.26711,12.002693,19,75,1.2,1.157414,0.050329,1.1,1.3,1.04375,1.055935,0.068562,0.890476,1.22439,1.3,1.293346,0.024934,1.2,1.3,0.0,0.283365,0.463202,0.0,1.1,0.367379,0.310518,0.162712,0.041964,0.546722,46.0,43.26711,12.002693,19,75,1584908.0,1578586.159696,21100.566725,1537112.0,1771960.0,1432497.076695,1443919.642924,95414.527813,1226021.263158,1654347.219512,1771390.0,1761279.193916,38074.826466,1585200,1772200,103952.0,456322.581749,579737.20699,102832,1550076,473932.228337,396497.036329,213854.941895,39626.476379,703747.553624,46.0,43.26711,12.002693,19,75,kernels-streams-seq,kernels-1
KERNELS,P2_PIXEL_SEL,216.0,200.176806,54.012756,138.0,304.5,182.590909,192.008772,33.619327,146.134615,296.85,273.5,269.042776,21.085054,222.0,322.0,128.0,106.486692,57.218469,0.0,277.0,55.014182,65.665015,30.162824,8.691261,131.624701,45.0,42.825095,12.338541,19,74,1.2,1.15884,0.050098,1.1,1.3,1.042857,1.052379,0.070747,0.857895,1.22439,1.3,1.295152,0.021488,1.2,1.3,0.0,0.263498,0.451173,0.0,1.1,0.369589,0.318562,0.160943,0.043962,0.562939,45.0,42.825095,12.338541,19,74,1584940.0,1579818.178707,21339.676849,1540696.0,1771960.0,1431173.791101,1439246.327294,98071.493673,1183531.578947,1654347.219512,1771400.0,1764629.307985,29739.004865,1585200,1772200,103936.0,431751.532319,565131.137767,102832,1550076,477613.800828,407145.811953,211367.33781,39626.476379,724515.989118,45.0,42.825095,12.338541,19,74,kernels-streams-seq,kernels-1
KERNELS,P3_RAH,218.5,201.242395,55.122873,138.0,304.5,183.096726,194.14572,35.689475,146.134615,296.85,274.0,269.315589,21.316232,222.0,322.0,129.0,111.412548,59.535316,0.0,278.0,54.262866,63.711256,30.294973,7.672525,131.624701,44.0,42.005703,12.345485,17,73,1.2,1.160646,0.049745,1.1,1.3,1.042,1.04855,0.073785,0.844444,1.22439,1.3,1.296103,0.019362,1.2,1.3,0.0,0.253042,0.444354,0.0,1.1,0.373169,0.325529,0.161516,0.043962,0.570059,44.0,42.005703,12.345485,17,73,1585012.0,1581800.009506,23174.600843,1542040.0,1771960.0,1429099.0,1434298.628356,101553.528744,1175004.444444,1654347.219512,1771406.0,1766308.091255,24621.433404,1585404,1772200,103928.0,418797.342205,556811.412167,102832,1550076,481972.003582,416326.878333,211966.337897,39626.476379,735278.751855,44.0,42.005703,12.345485,17,73,kernels-streams-seq,kernels-1
KERNELS,P4_FINAL_PROD,219.0,201.840304,55.743228,138.0,304.5,183.313194,195.351471,36.833933,147.185185,296.85,274.0,269.425856,21.407629,222.0,322.0,130.0,114.281369,60.699151,0.0,280.0,53.823075,62.564195,30.302664,7.672525,131.624701,44.0,41.500951,12.321687,16,73,1.2,1.16174,0.04957,1.1,1.3,1.04132,1.046219,0.076041,0.823529,1.22439,1.3,1.296483,0.01843,1.2,1.3,0.0,0.248859,0.441527,0.0,1.1,0.376454,0.329225,0.162235,0.043962,0.570668,44.0,41.500951,12.321687,16,73,1585032.0,1583159.173004,24748.759889,1542532.0,1771960.0,1427798.122207,1431299.710531,104149.153466,1140061.176471,1654347.219512,1771408.0,1766998.737643,22068.869789,1595528,1772200,103928.0,413613.8327,553359.965091,102832,1550076,485098.851971,421205.879928,212902.385037,39804.657102,744052.932082,44.0,41.500951,12.321687,16,73,kernels-streams-seq,kernels-1
KERNELS,PIXEL_FILTER,216.0,200.145437,53.996685,138.0,304.5,182.348381,191.946697,33.662965,146.134615,296.85,273.0,268.988593,21.040622,222.0,322.0,128.0,106.486692,57.218469,0.0,277.0,55.014182,65.66449,30.161938,8.691261,131.624701,45.0,42.791825,12.281871,19,74,1.2,1.15884,0.050098,1.1,1.3,1.042857,1.052503,0.070821,0.857895,1.22439,1.3,1.294962,0.021883,1.2,1.3,0.0,0.265589,0.452495,0.0,1.1,0.369589,0.318079,0.161382,0.043962,0.562939,45.0,42.791825,12.281871,19,74,1584940.0,1579811.562738,21350.594412,1540696.0,1771960.0,1431173.791101,1439405.077978,98164.901218,1183531.578947,1654347.219512,1771398.0,1764279.802281,30720.302253,1585200,1772200,103938.0,434342.897338,566746.132555,102832,1550076,477613.800828,406494.520084,211968.445089,39626.476379,724515.989118,45.0,42.791825,12.281871,19,74,kernels-streams-seq,kernels-1
KERNELS,P_TOTAL,181.0,168.01616,57.908321,0.0,238.0,155.28098,151.881225,11.670348,115.119565,176.468085,275.0,272.707224,24.379684,222.0,322.0,0.0,0.013308,0.130189,0.0,2.0,95.001398,94.155888,29.670261,46.907434,137.921579,93.0,93.473384,2.280988,87,109,1.1,1.1,0.0,1.1,1.1,0.993617,0.995187,0.0095,0.975269,1.044,1.3,1.3,0.0,1.3,1.3,0.0,0.0,0.0,0.0,0.0,0.346444,0.34546,0.010428,0.284023,0.365782,93.0,93.473384,2.280988,87,109,1517330.0,1517460.180608,3186.030792,1508288.0,1536664.0,1368646.288453,1370241.843974,12578.7171,1344455.268817,1436554.8,1771416.0,1771406.342205,271.666872,1770452,1772200,10720.0,18384.228137,22095.326213,10240,104520,447827.673939,446231.444464,13445.210221,367253.07323,475317.050296,93.0,93.473384,2.280988,87,109,kernels-streams-seq,kernels-1
KERNELS,RADIANCE,214.75,198.905894,52.834766,138.0,304.0,180.591667,189.506615,32.383615,146.134615,288.2,272.0,268.053232,20.210713,222.0,322.0,128.0,103.389734,56.559612,0.0,271.0,55.458652,67.044398,30.208775,9.272909,131.624701,46.0,42.989544,11.502984,19,56,1.2,1.157414,0.050329,1.1,1.3,1.04375,1.056812,0.069024,0.890476,1.22439,1.3,1.29192,0.027266,1.2,1.3,0.0,0.299049,0.471892,0.0,1.1,0.367379,0.306927,0.165771,0.041964,0.546722,46.0,42.989544,11.502984,19,56,1584908.0,1578500.646388,21248.843603,1536684.0,1771960.0,1432497.076695,1445080.286394,96024.205368,1226021.263158,1654347.219512,1771384.0,1758628.395437,43387.433911,1585084,1772200,103968.0,475690.444867,590240.63801,102832,1550076,473932.228337,391651.018084,217966.197813,39626.476379,703747.553624,46.0,42.989544,11.502984,19,56,kernels-streams-seq,kernels-1
KERNELS,RAH_CYCLE,218.5,201.421578,55.324175,138.0,304.5,183.096726,194.499628,36.156339,146.134615,296.85,274.0,269.288023,21.287478,222.0,322.0,129.0,112.44962,59.960472,0.0,278.0,54.175245,63.298259,30.309011,7.672525,131.624701,44.0,41.781369,12.262267,17,73,1.2,1.161027,0.049662,1.1,1.3,1.041667,1.04785,0.074713,0.844444,1.22439,1.3,1.296008,0.019587,1.2,1.3,0.0,0.254087,0.445051,0.0,1.1,0.374681,0.326285,0.162351,0.043962,0.570059,44.0,41.781369,12.262267,17,73,1585016.0,1582249.287072,23642.898747,1542040.0,1771960.0,1428505.560976,1433410.778616,102605.926432,1175004.444444,1654347.219512,1771406.0,1766143.680608,25159.057221,1585404,1772200,103930.0,420094.380228,557665.305475,102832,1550076,482312.65181,417292.218725,213078.863596,39626.476379,737293.736217,44.0,41.781369,12.262267,17,73,kernels-streams-seq,kernels-1
KERNELS,RAH_INI,217.5,201.304183,55.23859,138.0,304.5,182.868275,194.251087,36.16363,146.134615,296.85,274.0,269.153992,21.172327,222.0,322.0,129.0,112.192966,59.863227,0.0,278.0,54.179192,63.399182,30.301819,7.672525,131.624701,44.0,41.753802,12.139031,17,73,1.2,1.160932,0.049683,1.1,1.3,1.041764,1.048337,0.074691,0.844444,1.22439,1.3,1.295532,0.020669,1.2,1.3,0.0,0.259316,0.448487,0.0,1.1,0.374617,0.324868,0.163339,0.043962,0.570059,44.0,41.753802,12.139031,17,73,1585016.0,1582134.077947,23589.0438,1542040.0,1771960.0,1428854.481153,1434037.36173,102614.782478,1175004.444444,1654347.219512,1771400.0,1765335.163498,27608.045804,1585404,1772200,103934.0,426570.125475,561855.243358,102832,1550076,482264.60429,415377.276625,214438.223701,39626.476379,737293.736217,44.0,41.753802,12.139031,17,73,kernels-streams-seq,kernels-1
KERNELS,REFLECTANCE,214.75,198.981464,52.875245,138.0,304.0,180.741674,189.670268,32.284379,146.134615,288.2,272.0,268.204373,20.340233,222.0,322.0,128.0,103.389734,56.559612,0.0,271.0,55.458652,67.042655,30.206031,9.272909,131.624701,46.0,43.0827,11.671764,19,75,1.2,1.157414,0.050329,1.1,1.3,1.04375,1.05653,0.068876,0.890476,1.22439,1.3,1.292395,0.02652,1.2,1.3,0.0,0.293821,0.469072,0.0,1.1,0.367379,0.308114,0.164765,0.041964,0.546722,46.0,43.0827,11.671764,19,75,1584908.0,1578534.030418,21189.919739,1536920.0,1771960.0,1432497.076695,1444704.905483,95828.768129,1226021.263158,1654347.219512,1771388.0,1759513.110266,41708.65849,1585084,1772200,103962.0,469238.159696,586836.709944,102832,1550076,473932.228337,393248.706129,216619.585938,39626.476379,703747.553624,46.0,43.0827,11.671764,19,75,kernels-streams-seq,kernels-1
KERNELS,SENSIBLE_HEAT_FLUX,218.5,201.682034,55.60427,138.0,304.5,183.134848,195.028568,36.702493,146.134615,296.85,274.0,269.315589,21.316232,222.0,322.0,130.0,113.758555,60.496241,0.0,280.0,53.877037,62.77174,30.303852,7.672525,131.624701,44.0,41.538973,12.241598,16,73,1.2,1.161549,0.049615,1.1,1.3,1.041463,1.046814,0.075828,0.823529,1.22439,1.3,1.296103,0.019362,1.2,1.3,0.0,0.253042,0.444354,0.0,1.1,0.376219,0.327788,0.162885,0.043962,0.570668,44.0,41.538973,12.241598,16,73,1585026.0,1582887.005703,24467.690726,1542040.0,1771960.0,1428034.682839,1432067.685738,103916.109037,1140061.176471,1654347.219512,1771406.0,1766308.091255,24621.433404,1585404,1772200,103928.0,418797.342205,556811.412167,102832,1550076,484583.5072,419274.518561,213795.110692,39626.476379,744052.932082,44.0,41.538973,12.241598,16,73,kernels-streams-seq,kernels-1
KERNELS,SHORT_WAVE_RADIATION,214.75,199.75,53.704457,138.0,304.0,181.0,191.13019,33.778145,146.134615,292.315789,273.0,268.439163,20.556277,222.0,322.0,128.0,106.072243,57.142755,0.0,277.0,55.057379,65.851214,30.185449,8.691261,131.624701,45.0,42.556084,11.71862,19,56,1.2,1.15865,0.050131,1.1,1.3,1.042857,1.053955,0.071011,0.857895,1.22439,1.3,1.293156,0.025262,1.2,1.3,0.0,0.285456,0.464401,0.0,1.1,0.369352,0.313091,0.165114,0.041964,0.559082,45.0,42.556084,11.71862,19,56,1584940.0,1579528.78327,21389.899651,1537112.0,1771960.0,1431383.820578,1441296.789875,98447.677938,1183531.578947,1654347.219512,1771390.0,1760926.190114,38838.156786,1585092,1772200,103954.0,458909.380228,581191.207415,102832,1550076,477326.449046,399797.222237,217032.008531,39626.476379,721787.731151,45.0,42.556084,11.71862,19,56,kernels-streams-seq,kernels-1
KERNELS,SOIL_HEAT_FLUX,214.75,199.828422,53.797416,138.0,304.5,181.087715,191.288717,33.905286,146.134615,296.85,273.0,268.498099,20.634488,222.0,322.0,128.0,106.224335,57.07305,0.0,277.0,55.043387,65.765299,30.149494,8.691261,131.624701,45.0,42.541825,11.767699,19,74,1.2,1.158745,0.050114,1.1,1.3,1.042857,1.05366,0.071148,0.857895,1.22439,1.3,1.293346,0.024934,1.2,1.3,0.0,0.283365,0.463202,0.0,1.1,0.36945,0.31382,0.164852,0.041964,0.559082,45.0,42.541825,11.767699,19,74,1584940.0,1579643.688213,21486.284932,1537112.0,1771960.0,1431273.266091,1440908.37059,98601.576238,1183531.578947,1654347.219512,1771390.0,1761279.193916,38074.826466,1585200,1772200,103952.0,456322.581749,579737.20699,102832,1550076,477442.313983,400770.554572,216678.518878,39626.476379,721787.731151,45.0,42.541825,11.767699,19,74,kernels-streams-seq,kernels-1
KERNELS,SURFACE_TEMPERATURE,214.75,199.701521,53.647706,138.0,304.0,181.0,191.036411,33.64828,146.134615,292.315789,273.0,268.439163,20.556277,222.0,322.0,128.0,105.813688,57.006464,0.0,277.0,55.066713,65.952029,30.173082,8.691261,131.624701,45.0,42.607414,11.733598,19,73,1.2,1.158555,0.050147,1.1,1.3,1.042857,1.054131,0.070793,0.857895,1.22439,1.3,1.293156,0.025262,1.2,1.3,0.0,0.285456,0.464401,0.0,1.1,0.369103,0.312851,0.16495,0.041964,0.559082,45.0,42.607414,11.733598,19,73,1584938.0,1579461.863118,21390.649093,1537112.0,1771960.0,1431488.541667,1441530.542022,98176.893003,1183531.578947,1654347.219512,1771390.0,1760926.190114,38838.156786,1585092,1772200,103954.0,458909.380228,581191.207415,102832,1550076,477316.267361,399487.49434,216817.159468,39626.476379,721787.731151,45.0,42.607414,11.733598,19,73,kernels-streams-seq,kernels-1
KERNELS,USTAR,217.5,201.192015,55.128081,138.0,304.5,182.799901,194.026968,35.966209,146.134615,296.85,274.0,269.126426,21.153604,222.0,322.0,129.0,111.674905,59.651899,0.0,278.0,54.206094,63.604672,30.293714,7.672525,131.624701,44.0,41.839354,12.130587,17,72,1.2,1.160741,0.049724,1.1,1.3,1.042,1.048794,0.074233,0.844444,1.22439,1.3,1.295437,0.020877,1.2,1.3,0.0,0.260361,0.449164,0.0,1.1,0.373732,0.324129,0.163229,0.043962,0.570059,44.0,41.839354,12.130587,17,72,1585012.0,1581896.587452,23314.870753,1542040.0,1771960.0,1429092.541667,1434618.726259,102101.957061,1175004.444444,1654347.219512,1771400.0,1765158.737643,28157.251722,1585404,1772200,103936.0,427866.209125,562681.746785,102832,1550076,482227.413112,414404.850306,214314.374881,39626.476379,735278.751855,44.0,41.839354,12.130587,17,72,kernels-streams-seq,kernels-1
KERNELS,ZOM,216.0,201.114544,55.05848,138.0,304.5,182.786616,193.866936,35.889392,146.134615,296.85,273.5,269.069392,21.110239,222.0,322.0,129.0,111.412548,59.535316,0.0,278.0,54.262866,63.709169,30.291346,7.672525,131.624701,44.0,41.858365,12.088946,17,73,1.2,1.160646,0.049745,1.1,1.3,1.042,1.049099,0.074123,0.844444,1.22439,1.3,1.295247,0.021287,1.2,1.3,0.0,0.262452,0.450507,0.0,1.1,0.373169,0.323402,0.163551,0.043962,0.570059,44.0,41.858365,12.088946,17,73,1585012.0,1581774.610266,23215.193548,1541840.0,1771960.0,1429099.0,1435007.661684,101991.597701,1175004.444444,1654347.219512,1771400.0,1764805.73384,29223.251608,1585200,1772200,103936.0,430457.885932,564321.061079,102832,1550076,481972.003582,413432.812204,214753.698967,39626.476379,735278.751855,44.0,41.858365,12.088946,17,73,kernels-streams-seq,kernels-1
SERIAL,P0_READ_INPUT,171.0,140.382129,77.43473,0.0,238.0,155.363647,146.175487,21.17337,100.731707,176.468085,272.0,268.053232,20.210713,222.0,322.0,0.0,0.013308,0.130189,0.0,2.0,95.001398,92.714979,27.515507,48.196957,133.342966,92.0,89.910646,6.055374,72,109,1.1,1.1,0.0,1.1,1.1,1.0,1.009896,0.022698,0.976344,1.085106,1.3,1.29192,0.027266,1.2,1.3,0.0,0.0,0.0,0.0,0.0,0.33992,0.321279,0.03442,0.249202,0.365782,92.0,89.910646,6.055374,72,109,1518132.0,1518592.463878,4517.311323,1505332.0,1540716.0,1376694.307387,1389470.729461,29726.902095,1345002.795699,1488933.276596,1771384.0,1758628.395437,43387.433911,1585084,1772200,10720.0,18384.228137,22095.326213,10240,104520,439401.471407,414879.837587,44639.709892,320212.226313,475317.050296,92.0,89.910646,6.055374,72,109,kernels-streams-seq,kernels-1
SERIAL,P5_COPY_HOST,224.5,202.665399,56.265387,138.0,304.5,185.511905,197.161133,36.090343,152.8,296.85,275.0,270.681559,22.482265,222.0,322.0,130.0,115.065589,60.993819,0.0,280.0,53.751629,62.220256,30.240796,7.672525,131.624701,44.0,42.170152,13.619351,16,80,1.2,1.162072,0.049562,1.1,1.3,1.041043,1.042266,0.07421,0.823529,1.22439,1.3,1.3,0.0,1.3,1.3,0.0,0.193441,0.398074,0.0,1.1,0.376727,0.342661,0.149453,0.055656,0.571119,44.0,42.170152,13.619351,16,80,1585052.0,1583619.184411,25072.197458,1543972.0,1771960.0,1427430.732609,1426131.203525,101639.968932,1140061.176471,1654347.219512,1771416.0,1771404.669202,271.326265,1770452,1772200,103900.0,344692.931559,499822.686712,102832,1550076,485882.955887,439414.327869,195404.594667,57115.697035,747435.973203,44.0,42.170152,13.619351,16,80,kernels-streams-seq,kernels-1
SERIAL,P6_SAVE_PRODS,233.5,206.13308,59.410027,138.0,304.5,188.055728,204.790135,39.082392,152.277143,302.117647,275.0,272.653042,24.325738,222.0,322.0,132.0,128.726711,64.500165,0.0,289.0,52.183343,56.62584,29.371183,6.002289,131.624701,41.0,40.869772,15.022506,14,74,1.2,1.167633,0.052487,0.95,1.3,1.036842,1.017924,0.074384,0.742857,1.22439,1.3,1.3,0.0,1.3,1.3,0.0,0.040875,0.162352,0.0,1.1,0.388328,0.390474,0.110986,0.073758,0.59203,41.0,40.869772,15.022506,14,74,1585124.0,1587275.880228,38996.133646,1315952.0,1772084.0,1419905.402155,1394160.175791,99861.759263,1052157.142857,1654347.219512,1771416.0,1771406.342205,271.666872,1770452,1772200,103844.0,152324.863118,196471.06899,102832,1501676,498802.409951,503069.01373,143016.593822,81658.211887,766835.417363,41.0,40.869772,15.022506,14,74,kernels-streams-seq,kernels-1
