STRATEGY,PHASE,TIMESTAMP_count,TIMESTAMP_median,TIMESTAMP_mean,TIMESTAMP_std,TIMESTAMP_min,TIMESTAMP_max,strategy,algorithm
SERIAL,P0_READ_INPUT,1052,1337.839478,1343.675632,18.988284,1317.553345,1423.307983,kernels-streams-seq,kernels-1
KERNELS,RADIANCE,1052,0.529408,0.5376,0.031702,0.47616,0.622592,kernels-streams-seq,kernels-1
KERNELS,REFLECTANCE,1052,3.370304,3.474915,0.149907,3.356832,3.718272,kernels-streams-seq,kernels-1
KERNELS,ALBEDO,1052,1.753088,1.753854,0.003449,1.748992,1.800448,kernels-streams-seq,kernels-1
KERNELS,NDVI,1052,0.671744,0.67173,0.002313,0.6664,0.7168,kernels-streams-seq,kernels-1
KERNELS,LAI,1052,0.771744,0.781038,0.015205,0.766912,0.827392,kernels-streams-seq,kernels-1
KERNELS,ENB_EMISSIVITY,1052,0.560128,0.56505,0.007853,0.557056,0.581632,kernels-streams-seq,kernels-1
KERNELS,EO_EMISSIVITY,1052,0.558944,0.563361,0.007549,0.5568,0.587776,kernels-streams-seq,kernels-1
KERNELS,EA_EMISSIVITY,1052,0.511808,0.521377,0.015756,0.504832,0.570144,kernels-streams-seq,kernels-1
KERNELS,SURFACE_TEMPERATURE,1052,0.683744,0.687811,0.007241,0.68096,0.721888,kernels-streams-seq,kernels-1
KERNELS,SHORT_WAVE_RADIATION,1052,0.49664,0.507717,0.01805,0.492384,0.576512,kernels-streams-seq,kernels-1
KERNELS,LARGE_WAVES_RADIATION,1052,1.127424,1.12747,0.00163,1.123328,1.14688,kernels-streams-seq,kernels-1
KERNELS,NET_RADIATION,1052,1.312768,1.313351,0.001804,1.31072,1.354752,kernels-streams-seq,kernels-1
KERNELS,SOIL_HEAT_FLUX,1052,0.833536,0.836785,0.005411,0.831488,0.873472,kernels-streams-seq,kernels-1
KERNELS,P1_INITIAL_PROD,1052,13.279296,13.440638,0.250332,13.198336,14.0472,kernels-streams-seq,kernels-1
KERNELS,PIXEL_FILTER,1052,14.693376,15.337227,1.175056,14.496672,24.31168,kernels-streams-seq,kernels-1
KERNELS,P2_PIXEL_SEL,1052,18.162592,18.836522,1.25706,17.962816,27.736223,kernels-streams-seq,kernels-1
KERNELS,ZOM,1052,0.689312,0.693043,0.009293,0.672864,0.727104,kernels-streams-seq,kernels-1
KERNELS,USTAR,1052,0.545792,0.55313,0.01521,0.541536,0.589824,kernels-streams-seq,kernels-1
KERNELS,RAH_INI,1052,0.495616,0.501634,0.01355,0.491776,0.543488,kernels-streams-seq,kernels-1
KERNELS,RAH_CYCLE,1052,4.654864,4.693532,0.104736,4.599712,5.003168,kernels-streams-seq,kernels-1
KERNELS,SENSIBLE_HEAT_FLUX,1052,0.821152,0.822332,0.003832,0.817792,0.866304,kernels-streams-seq,kernels-1
KERNELS,P3_RAH,1052,7.871488,7.957309,0.378061,7.805728,15.39584,kernels-streams-seq,kernels-1
KERNELS,LATENT_HEAT_FLUX,1052,0.878592,0.878431,0.001855,0.87552,0.909312,kernels-streams-seq,kernels-1
KERNELS,NET_RADIATION_24H,1052,0.4916,0.498446,0.015984,0.487424,0.572192,kernels-streams-seq,kernels-1
KERNELS,EVAPOTRANSPIRATION_24H,1052,1.335296,1.336328,0.003365,1.332352,1.363968,kernels-streams-seq,kernels-1
KERNELS,P4_FINAL_PROD,1052,2.729984,2.738126,0.019972,2.723136,2.866176,kernels-streams-seq,kernels-1
SERIAL,P5_COPY_HOST,1052,62.403692,62.588231,0.756987,60.709713,66.361702,kernels-streams-seq,kernels-1
SERIAL,P6_SAVE_PRODS,1052,57.396562,57.450494,1.465669,55.005511,59.997486,kernels-streams-seq,kernels-1
KERNELS,P_TOTAL,1052,1714.14,1729.140485,66.418786,1640.63,2264.87,kernels-streams-seq,kernels-1
