STRATEGY,PHASE,CPU_USAGE_PERCENTAGE_median_median,CPU_USAGE_PERCENTAGE_median_mean,CPU_USAGE_PERCENTAGE_median_std,CPU_USAGE_PERCENTAGE_median_min,CPU_USAGE_PERCENTAGE_median_max,CPU_USAGE_PERCENTAGE_mean_median,CPU_USAGE_PERCENTAGE_mean_mean,CPU_USAGE_PERCENTAGE_mean_std,CPU_USAGE_PERCENTAGE_mean_min,CPU_USAGE_PERCENTAGE_mean_max,CPU_USAGE_PERCENTAGE_max_median,CPU_USAGE_PERCENTAGE_max_mean,CPU_USAGE_PERCENTAGE_max_std,CPU_USAGE_PERCENTAGE_max_min,CPU_USAGE_PERCENTAGE_max_max,CPU_USAGE_PERCENTAGE_min_median,CPU_USAGE_PERCENTAGE_min_mean,CPU_USAGE_PERCENTAGE_min_std,CPU_USAGE_PERCENTAGE_min_min,CPU_USAGE_PERCENTAGE_min_max,CPU_USAGE_PERCENTAGE_std_median,CPU_USAGE_PERCENTAGE_std_mean,CPU_USAGE_PERCENTAGE_std_std,CPU_USAGE_PERCENTAGE_std_min,CPU_USAGE_PERCENTAGE_std_max,CPU_USAGE_PERCENTAGE_count_median,CPU_USAGE_PERCENTAGE_count_mean,CPU_USAGE_PERCENTAGE_count_std,CPU_USAGE_PERCENTAGE_count_min,CPU_USAGE_PERCENTAGE_count_max,MEM_USAGE_PERCENTAGE_median_median,MEM_USAGE_PERCENTAGE_median_mean,MEM_USAGE_PERCENTAGE_median_std,MEM_USAGE_PERCENTAGE_median_min,MEM_USAGE_PERCENTAGE_median_max,MEM_USAGE_PERCENTAGE_mean_median,MEM_USAGE_PERCENTAGE_mean_mean,MEM_USAGE_PERCENTAGE_mean_std,MEM_USAGE_PERCENTAGE_mean_min,MEM_USAGE_PERCENTAGE_mean_max,MEM_USAGE_PERCENTAGE_max_median,MEM_USAGE_PERCENTAGE_max_mean,MEM_USAGE_PERCENTAGE_max_std,MEM_USAGE_PERCENTAGE_max_min,MEM_USAGE_PERCENTAGE_max_max,MEM_USAGE_PERCENTAGE_min_median,MEM_USAGE_PERCENTAGE_min_mean,MEM_USAGE_PERCENTAGE_min_std,MEM_USAGE_PERCENTAGE_min_min,MEM_USAGE_PERCENTAGE_min_max,MEM_USAGE_PERCENTAGE_std_median,MEM_USAGE_PERCENTAGE_std_mean,MEM_USAGE_PERCENTAGE_std_std,MEM_USAGE_PERCENTAGE_std_min,MEM_USAGE_PERCENTAGE_std_max,MEM_USAGE_PERCENTAGE_count_median,MEM_USAGE_PERCENTAGE_count_mean,MEM_USAGE_PERCENTAGE_count_std,MEM_USAGE_PERCENTAGE_count_min,MEM_USAGE_PERCENTAGE_count_max,MEM_USAGE_MB_median_median,MEM_USAGE_MB_median_mean,MEM_USAGE_MB_median_std,MEM_USAGE_MB_median_min,MEM_USAGE_MB_median_max,MEM_USAGE_MB_mean_median,MEM_USAGE_MB_mean_mean,MEM_USAGE_MB_mean_std,MEM_USAGE_MB_mean_min,MEM_USAGE_MB_mean_max,MEM_USAGE_MB_max_median,MEM_USAGE_MB_max_mean,MEM_USAGE_MB_max_std,MEM_USAGE_MB_max_min,MEM_USAGE_MB_max_max,MEM_USAGE_MB_min_median,MEM_USAGE_MB_min_mean,MEM_USAGE_MB_min_std,MEM_USAGE_MB_min_min,MEM_USAGE_MB_min_max,MEM_USAGE_MB_std_median,MEM_USAGE_MB_std_mean,MEM_USAGE_MB_std_std,MEM_USAGE_MB_std_min,MEM_USAGE_MB_std_max,MEM_USAGE_MB_count_median,MEM_USAGE_MB_count_mean,MEM_USAGE_MB_count_std,MEM_USAGE_MB_count_min,MEM_USAGE_MB_count_max,strategy,algorithm
KERNELS,ALB_NDVI_LAI_PAI_E,191.0,185.514545,48.173814,131.5,269.5,174.661086,177.766888,19.433734,143.903226,241.545455,263.0,257.868182,18.911217,212.0,290.0,118.0,81.898182,60.204736,0.0,142.0,59.043072,70.184064,27.699823,34.928831,117.670887,52.0,49.22,14.43314,21,101,1.2,1.159636,0.04927,1.1,1.3,1.060996,1.069815,0.05855,0.913043,1.264865,1.3,1.292727,0.025981,1.2,1.3,0.0,0.292273,0.475978,0.0,1.2,0.356339,0.304414,0.162764,0.041908,0.547145,52.0,49.22,14.43314,21,101,1585034.0,1580270.536364,22365.440123,1535964.0,1771724.0,1454639.151491,1462715.742937,81322.739821,1259926.26087,1711460.216216,1771412.0,1760342.403636,40391.42022,1585244,1772204,103984.0,467311.527273,594895.637782,102904,1585644,458962.010452,386898.306378,213223.801871,39589.360495,701557.587026,52.0,49.22,14.43314,21,101,kernels-streams-async,kernels-0
KERNELS,D0,190.25,187.285909,50.180727,131.5,279.5,175.555556,180.125881,22.325083,143.903226,254.0,264.0,258.396364,19.23721,212.0,290.0,119.0,86.367273,59.163563,0.0,145.0,58.452321,68.793546,27.294066,34.928831,117.670887,50.0,47.740909,14.739323,19,86,1.2,1.163636,0.049845,1.1,1.3,1.058929,1.063928,0.062985,0.890476,1.264865,1.3,1.295364,0.021037,1.2,1.3,0.0,0.263273,0.459077,0.0,1.2,0.365316,0.318927,0.16206,0.043175,0.569834,50.0,47.740909,14.739323,19,86,1585132.0,1585262.701818,29930.801703,1538436.0,1771724.0,1451228.627451,1455103.733264,86465.863458,1237009.2,1711460.216216,1771416.0,1765238.84,28397.369179,1585476,1772204,103964.0,431508.756364,574455.635816,102904,1585644,468701.316936,406056.261437,212231.441573,39589.360495,729093.362716,50.0,47.740909,14.739323,19,86,kernels-streams-async,kernels-0
KERNELS,EVAPOTRANSPIRATION_24H,190.25,187.97,50.885767,131.5,279.5,176.233333,181.070763,23.377358,143.903226,259.842105,264.0,258.643636,19.39068,212.0,290.0,119.0,87.903636,58.727822,0.0,145.0,57.974529,68.250307,27.154537,34.928831,117.670887,50.0,47.279091,14.949576,18,82,1.2,1.165182,0.050172,1.1,1.3,1.05814,1.061518,0.064696,0.857895,1.264865,1.3,1.296545,0.018271,1.2,1.3,0.0,0.250273,0.450689,0.0,1.2,0.368668,0.324703,0.161086,0.044744,0.583396,50.0,47.279091,14.949576,18,82,1585164.0,1587129.687273,32439.549603,1543720.0,1771724.0,1450005.946839,1452028.1598,88385.56769,1200328.421053,1711460.216216,1771416.0,1767379.785455,20952.58193,1586368,1772204,103956.0,415428.272727,564257.778987,102904,1585644,473472.460981,413710.08156,210870.229173,39589.360495,749224.560264,50.0,47.279091,14.949576,18,82,kernels-streams-async,kernels-0
KERNELS,KB1,190.25,187.576818,50.471483,131.5,279.5,175.788492,180.52793,22.74539,143.903226,259.842105,264.0,258.51,19.291096,212.0,290.0,119.0,87.006364,58.986318,0.0,145.0,58.325076,68.567391,27.242284,34.928831,117.670887,50.0,47.560909,14.846283,19,85,1.2,1.164227,0.049885,1.1,1.3,1.05873,1.062895,0.063715,0.890476,1.264865,1.3,1.295909,0.019817,1.2,1.3,0.0,0.257273,0.455271,0.0,1.2,0.366602,0.321456,0.16156,0.043878,0.569834,50.0,47.560909,14.846283,19,85,1585150.0,1586023.310909,30868.32877,1540212.0,1771724.0,1450734.674214,1453776.796446,87304.300098,1237009.2,1711460.216216,1771416.0,1766251.349091,25097.241806,1585652,1772204,103960.0,424093.138182,569839.381455,102904,1585644,470559.380847,409409.486381,211550.072472,39589.360495,729093.362716,50.0,47.560909,14.846283,19,85,kernels-streams-async,kernels-0
KERNELS,LARGE_WAVES_RADIATION,190.25,185.906364,48.704256,131.5,273.0,174.795161,178.307979,20.231596,143.903226,247.75,263.0,257.923636,18.939192,212.0,290.0,118.0,83.172727,59.940926,0.0,143.0,58.843726,69.82439,27.610861,34.928831,117.670887,52.0,48.701818,14.29929,20,66,1.2,1.160682,0.049308,1.1,1.3,1.060367,1.068535,0.059822,0.909091,1.264865,1.3,1.293,0.025526,1.2,1.3,0.0,0.289273,0.47434,0.0,1.2,0.36,0.30729,0.16354,0.041908,0.556271,52.0,48.701818,14.29929,20,66,1585084.0,1581524.349091,24465.057299,1536888.0,1771724.0,1453776.052966,1461047.813726,82834.253212,1252209.904762,1711460.216216,1771412.0,1760849.749091,39346.330178,1585380,1772204,103980.0,463612.167273,592921.292334,102904,1585644,461673.490633,390660.791791,214254.37942,39589.360495,712011.671736,52.0,48.701818,14.29929,20,66,kernels-streams-async,kernels-0
KERNELS,LATENT_HEAT_FLUX,190.25,187.949545,50.873829,131.5,279.5,176.172667,181.033257,23.383398,143.903226,259.842105,264.0,258.605455,19.360447,212.0,290.0,119.0,87.903636,58.727822,0.0,145.0,57.974529,68.253828,27.158715,34.928831,117.670887,50.0,47.246364,14.894174,18,65,1.2,1.165182,0.050172,1.1,1.3,1.05814,1.061606,0.064753,0.857895,1.264865,1.3,1.296364,0.018728,1.2,1.3,0.0,0.252273,0.452014,0.0,1.2,0.368668,0.324281,0.161514,0.044744,0.583396,50.0,47.246364,14.894174,18,65,1585164.0,1587118.487273,32453.529458,1542612.0,1771724.0,1450005.946839,1452138.253145,88456.999453,1200328.421053,1711460.216216,1771416.0,1767086.694545,22003.797846,1586368,1772204,103956.0,417905.116364,565874.257185,102904,1585644,473472.460981,413139.52476,211453.751533,39589.360495,749224.560264,50.0,47.246364,14.894174,18,65,kernels-streams-async,kernels-0
KERNELS,NET_RADIATION,190.25,185.929545,48.717111,131.5,273.0,174.946627,178.36071,20.215717,143.903226,247.75,263.0,257.976364,18.969958,212.0,290.0,118.0,83.172727,59.940926,0.0,143.0,58.843726,69.814882,27.600874,34.928831,117.670887,52.0,48.761818,14.40799,20,88,1.2,1.160682,0.049308,1.1,1.3,1.060367,1.068405,0.059753,0.909091,1.264865,1.3,1.293273,0.025061,1.2,1.3,0.0,0.286273,0.472677,0.0,1.2,0.36,0.307942,0.16296,0.041908,0.556271,52.0,48.761818,14.40799,20,88,1585084.0,1581550.24,24424.634305,1537448.0,1771724.0,1453776.052966,1460875.955507,82746.109943,1252209.904762,1711460.216216,1771412.0,1761356.658182,38266.09619,1585380,1772204,103978.0,459909.305455,590911.819051,102904,1585644,461673.490633,391537.461194,213479.871591,39589.360495,712011.671736,52.0,48.761818,14.40799,20,88,kernels-streams-async,kernels-0
KERNELS,NET_RADIATION_24H,190.25,187.949545,50.873829,131.5,279.5,176.172667,181.033257,23.383398,143.903226,259.842105,264.0,258.605455,19.360447,212.0,290.0,119.0,87.903636,58.727822,0.0,145.0,57.974529,68.253828,27.158715,34.928831,117.670887,50.0,47.246364,14.894174,18,65,1.2,1.165182,0.050172,1.1,1.3,1.05814,1.061606,0.064753,0.857895,1.264865,1.3,1.296364,0.018728,1.2,1.3,0.0,0.252273,0.452014,0.0,1.2,0.368668,0.324281,0.161514,0.044744,0.583396,50.0,47.246364,14.894174,18,65,1585164.0,1587118.487273,32453.529458,1542612.0,1771724.0,1450005.946839,1452138.253145,88456.999453,1200328.421053,1711460.216216,1771416.0,1767086.694545,22003.797846,1586368,1772204,103956.0,417905.116364,565874.257185,102904,1585644,473472.460981,413139.52476,211453.751533,39589.360495,749224.560264,50.0,47.246364,14.894174,18,65,kernels-streams-async,kernels-0
KERNELS,P1_INITIAL_PROD,191.0,185.475909,48.099349,131.5,269.5,174.946627,177.794214,19.249987,143.903226,241.545455,263.0,257.993636,18.98136,212.0,290.0,117.0,81.645455,60.25626,0.0,142.0,59.101999,70.228333,27.692539,34.928831,117.670887,52.5,49.473636,14.711673,21,101,1.2,1.159409,0.049245,1.1,1.3,1.061017,1.06977,0.058081,0.917391,1.264865,1.3,1.293364,0.024903,1.2,1.3,0.0,0.285273,0.472117,0.0,1.2,0.355301,0.305473,0.161113,0.041908,0.545267,52.5,49.473636,14.711673,21,101,1585032.0,1580106.103636,21949.784459,1537448.0,1771724.0,1454743.051587,1462653.608723,80749.749867,1266324.521739,1711460.216216,1771412.0,1761525.530909,37898.909188,1585380,1772204,103978.0,458673.785455,590232.775183,102904,1585644,457276.289266,388354.25106,211028.855997,39589.360495,701122.462221,52.5,49.473636,14.711673,21,101,kernels-streams-async,kernels-0
KERNELS,P2_PIXEL_SEL,190.25,186.287727,49.030423,131.5,273.0,175.521222,178.93052,20.438745,143.903226,247.75,264.0,258.36,19.202893,212.0,290.0,118.0,83.682727,59.827537,0.0,143.0,58.826694,69.619411,27.501338,34.928831,117.670887,52.0,48.922727,15.00247,20,86,1.2,1.161136,0.049392,1.1,1.3,1.06,1.066945,0.059812,0.909091,1.264865,1.3,1.295182,0.021425,1.2,1.3,0.0,0.265273,0.460321,0.0,1.2,0.361002,0.313416,0.159373,0.043175,0.556271,52.0,48.922727,15.00247,20,86,1585088.0,1582212.787273,24983.645711,1538436.0,1771724.0,1453489.873775,1458980.746853,82795.969375,1252209.904762,1711460.216216,1771416.0,1764901.385455,29406.543202,1585476,1772204,103966.0,433980.647273,575965.046567,102904,1585644,462928.984109,398871.105656,208641.226678,39589.360495,712011.671736,52.0,48.922727,15.00247,20,86,kernels-streams-async,kernels-0
KERNELS,P3_RAH,190.25,187.337727,50.171311,131.5,274.0,176.172667,180.270298,22.158251,143.903226,253.578947,264.0,258.605455,19.360447,212.0,290.0,119.0,86.235455,59.194333,0.0,143.0,58.48591,68.81,27.280883,34.928831,117.670887,50.0,47.996364,15.088938,19,86,1.2,1.1635,0.049813,1.1,1.3,1.058951,1.063554,0.062541,0.890476,1.264865,1.3,1.296364,0.018728,1.2,1.3,0.0,0.252273,0.452014,0.0,1.2,0.364954,0.321078,0.159595,0.044744,0.569834,50.0,47.996364,15.088938,19,86,1585128.0,1585165.901818,29502.593767,1542612.0,1771724.0,1451393.645161,1454620.417191,85937.205318,1237009.2,1711460.216216,1771416.0,1767086.694545,22003.797846,1586368,1772204,103956.0,417905.116364,565874.257185,102904,1585644,468201.395656,408974.384654,208894.127032,39589.360495,729093.362716,50.0,47.996364,15.088938,19,86,kernels-streams-async,kernels-0
KERNELS,P4_FINAL_PROD,190.25,187.97,50.885767,131.5,279.5,176.233333,181.070763,23.377358,143.903226,259.842105,264.0,258.643636,19.39068,212.0,290.0,119.0,87.903636,58.727822,0.0,145.0,57.974529,68.250307,27.154537,34.928831,117.670887,50.0,47.279091,14.949576,18,82,1.2,1.165182,0.050172,1.1,1.3,1.05814,1.061518,0.064696,0.857895,1.264865,1.3,1.296545,0.018271,1.2,1.3,0.0,0.250273,0.450689,0.0,1.2,0.368668,0.324703,0.161086,0.044744,0.583396,50.0,47.279091,14.949576,18,82,1585164.0,1587129.687273,32439.549603,1543720.0,1771724.0,1450005.946839,1452028.1598,88385.56769,1200328.421053,1711460.216216,1771416.0,1767379.785455,20952.58193,1586368,1772204,103956.0,415428.272727,564257.778987,102904,1585644,473472.460981,413710.08156,210870.229173,39589.360495,749224.560264,50.0,47.279091,14.949576,18,82,kernels-streams-async,kernels-0
KERNELS,PIXEL_FILTER,190.25,186.287727,49.030423,131.5,273.0,175.521222,178.93052,20.438745,143.903226,247.75,264.0,258.36,19.202893,212.0,290.0,118.0,83.682727,59.827537,0.0,143.0,58.826694,69.619411,27.501338,34.928831,117.670887,52.0,48.922727,15.00247,20,86,1.2,1.161136,0.049392,1.1,1.3,1.06,1.066945,0.059812,0.909091,1.264865,1.3,1.295182,0.021425,1.2,1.3,0.0,0.265273,0.460321,0.0,1.2,0.361002,0.313416,0.159373,0.043175,0.556271,52.0,48.922727,15.00247,20,86,1585088.0,1582212.787273,24983.645711,1538436.0,1771724.0,1453489.873775,1458980.746853,82795.969375,1252209.904762,1711460.216216,1771416.0,1764901.385455,29406.543202,1585476,1772204,103966.0,433980.647273,575965.046567,102904,1585644,462928.984109,398871.105656,208641.226678,39589.360495,712011.671736,52.0,48.922727,15.00247,20,86,kernels-streams-async,kernels-0
KERNELS,P_TOTAL,172.25,156.929545,59.755228,0.0,219.0,147.544569,143.650333,12.30289,106.552381,166.048544,267.0,262.13,22.387976,212.0,298.0,0.0,0.011818,0.130953,0.0,3.0,95.20507,91.89313,28.455144,42.939873,131.374583,107.0,106.95,2.194428,100,123,1.1,1.1,0.0,1.1,1.1,1.005714,1.006856,0.008326,0.987037,1.052033,1.3,1.3,0.0,1.3,1.3,0.0,0.0,0.0,0.0,0.0,0.338125,0.336958,0.010266,0.281686,0.36045,107.0,106.95,2.194428,100,123,1519962.0,1519917.343636,2802.432896,1509396.0,1543576.0,1384818.600089,1385987.37958,11112.508114,1359343.738318,1442625.788618,1771436.0,1771439.567273,270.427778,1770520,1772204,10720.0,17212.68,21113.678374,10240,104084,436433.382279,434584.608738,13488.745083,360138.721487,464998.753288,107.0,106.95,2.194428,100,123,kernels-streams-async,kernels-0
KERNELS,RAD_REF,191.0,185.380455,48.043817,131.5,269.5,174.50372,177.555424,19.307462,143.903226,241.545455,262.0,257.74,18.830155,212.0,290.0,117.0,81.645455,60.25626,0.0,142.0,59.101999,70.277536,27.741069,34.928831,117.670887,52.5,49.182727,14.188266,21,86,1.2,1.159409,0.049245,1.1,1.3,1.061017,1.070336,0.058359,0.917391,1.264865,1.3,1.292091,0.027,1.2,1.3,0.0,0.299273,0.479706,0.0,1.2,0.355301,0.30247,0.163751,0.041908,0.545267,52.5,49.182727,14.188266,21,86,1585032.0,1579963.554545,22176.217411,1535036.0,1771724.0,1454743.051587,1463393.396791,81107.317035,1266324.521739,1711460.216216,1771412.0,1759158.985455,42708.313567,1585156,1772204,103986.0,475942.141818,599384.694003,102904,1585644,457276.289266,384313.243684,214552.94009,39589.360495,701122.462221,52.5,49.182727,14.188266,21,86,kernels-streams-async,kernels-0
KERNELS,RAH_CYCLE,190.25,187.846364,50.750613,131.5,279.5,176.140053,180.891397,23.164284,143.903226,259.842105,264.0,258.588182,19.343559,212.0,290.0,119.0,87.642727,58.799025,0.0,145.0,58.031247,68.348906,27.186727,34.928831,117.670887,50.0,47.345455,14.892662,19,83,1.2,1.164864,0.050018,1.1,1.3,1.058258,1.061943,0.064474,0.857895,1.264865,1.3,1.296273,0.018952,1.2,1.3,0.0,0.253273,0.452672,0.0,1.2,0.368274,0.323571,0.16143,0.044744,0.583396,50.0,47.345455,14.892662,19,83,1585164.0,1586784.692727,31910.101971,1542612.0,1771724.0,1450246.503673,1452569.958336,88129.641666,1200328.421053,1711460.216216,1771416.0,1766926.403636,22608.985728,1586368,1772204,103956.0,419144.890909,566678.002856,102904,1585644,472510.551059,412204.111549,211345.395067,39589.360495,749224.560264,50.0,47.345455,14.892662,19,83,kernels-streams-async,kernels-0
KERNELS,RAH_INI,190.25,187.694545,50.584197,131.5,279.5,176.078125,180.699424,22.901669,143.903226,259.842105,264.0,258.568182,19.326557,212.0,290.0,119.0,87.258182,58.909862,0.0,145.0,58.281275,68.474757,27.218331,34.928831,117.670887,50.0,47.499091,14.904702,19,84,1.2,1.164545,0.050043,1.1,1.3,1.058621,1.062485,0.063845,0.890476,1.264865,1.3,1.296182,0.019172,1.2,1.3,0.0,0.254273,0.453327,0.0,1.2,0.367141,0.322609,0.161177,0.043878,0.569834,50.0,47.499091,14.904702,19,84,1585156.0,1586377.492727,31445.970625,1540212.0,1771724.0,1450632.6905,1453256.886257,87432.703577,1237009.2,1711460.216216,1771416.0,1766757.676364,23259.858063,1585652,1772204,103958.0,420380.152727,567470.092309,102904,1585644,471635.720614,410940.045044,211019.643309,39589.360495,729093.362716,50.0,47.499091,14.904702,19,84,kernels-streams-async,kernels-0
KERNELS,SENSIBLE_HEAT_FLUX,190.25,187.901818,50.813392,131.5,279.5,176.172667,180.971411,23.273471,143.903226,259.842105,264.0,258.605455,19.360447,212.0,290.0,119.0,87.772727,58.763148,0.0,145.0,58.006609,68.299401,27.172654,34.928831,117.670887,50.0,47.304545,14.904823,19,82,1.2,1.165,0.050045,1.1,1.3,1.058161,1.061748,0.06463,0.857895,1.264865,1.3,1.296364,0.018728,1.2,1.3,0.0,0.252273,0.452014,0.0,1.2,0.368465,0.324022,0.161371,0.044744,0.583396,50.0,47.304545,14.904823,19,82,1585164.0,1586931.141818,32067.113412,1542612.0,1771724.0,1450085.838846,1452316.157299,88324.796815,1200328.421053,1711460.216216,1771416.0,1767086.694545,22003.797846,1586368,1772204,103956.0,417905.116364,565874.257185,102904,1585644,472796.442465,412802.927312,211264.946358,39589.360495,749224.560264,50.0,47.304545,14.904823,19,82,kernels-streams-async,kernels-0
KERNELS,SOIL_HEAT_FLUX,190.25,186.075909,48.882949,131.5,273.0,174.984127,178.530077,20.450498,143.903226,247.75,263.0,257.993636,18.98136,212.0,290.0,118.0,83.554545,59.855663,0.0,143.0,58.826694,69.705445,27.567005,34.928831,117.670887,52.0,48.608182,14.380825,20,85,1.2,1.161045,0.049412,1.1,1.3,1.06,1.067977,0.060126,0.909091,1.264865,1.3,1.293364,0.024903,1.2,1.3,0.0,0.285273,0.472117,0.0,1.2,0.360918,0.308863,0.163198,0.041908,0.556271,52.0,48.608182,14.380825,20,85,1585088.0,1581943.116364,25037.574398,1537448.0,1771724.0,1453599.686275,1460313.776685,83205.524878,1252209.904762,1711460.216216,1771412.0,1761525.530909,37898.909188,1585380,1772204,103978.0,458673.785455,590232.775183,102904,1585644,462769.173497,392740.333859,213787.269726,39589.360495,712011.671736,52.0,48.608182,14.380825,20,85,kernels-streams-async,kernels-0
KERNELS,SURFACE_TEMP_SHORT_WAVE,190.25,185.765909,48.544047,131.5,273.0,174.795161,178.149927,19.972524,143.903226,247.75,263.0,257.923636,18.939192,212.0,290.0,118.0,82.791818,60.024467,0.0,143.0,58.923789,69.93471,27.633484,34.928831,117.670887,52.0,48.876364,14.358886,20,87,1.2,1.160364,0.049307,1.1,1.3,1.060465,1.068906,0.059452,0.909091,1.264865,1.3,1.293,0.025526,1.2,1.3,0.0,0.289273,0.47434,0.0,1.2,0.358915,0.306593,0.163118,0.041908,0.556271,52.0,48.876364,14.358886,20,87,1585080.0,1581109.445455,23749.855543,1536888.0,1771724.0,1454201.910626,1461535.506155,82377.596395,1252209.904762,1711460.216216,1771412.0,1760849.749091,39346.330178,1585380,1772204,103980.0,463612.167273,592921.292334,102904,1585644,461134.760037,389754.309048,213681.18271,39589.360495,712011.671736,52.0,48.876364,14.358886,20,87,kernels-streams-async,kernels-0
KERNELS,USTAR,190.25,187.463182,50.356742,131.5,279.5,175.663858,180.369034,22.560128,143.903226,254.0,264.0,258.474545,19.275888,212.0,290.0,119.0,86.750909,59.058258,0.0,145.0,58.40967,68.6633,27.25835,34.928831,117.670887,50.0,47.639091,14.808997,19,83,1.2,1.164,0.049881,1.1,1.3,1.058824,1.063272,0.063442,0.890476,1.264865,1.3,1.295727,0.020233,1.2,1.3,0.0,0.259273,0.456552,0.0,1.2,0.365989,0.320544,0.161689,0.043412,0.569834,50.0,47.639091,14.808997,19,83,1585138.0,1585730.874545,30547.800923,1538436.0,1771724.0,1450950.947177,1454259.961557,86987.055449,1237009.2,1711460.216216,1771416.0,1765913.894545,26250.826538,1585476,1772204,103964.0,426565.981818,571393.954382,102904,1585644,469940.731782,408206.526037,211736.315316,39589.360495,729093.362716,50.0,47.639091,14.808997,19,83,kernels-streams-async,kernels-0
KERNELS,ZOM,190.25,187.350455,50.246586,131.5,279.5,175.648077,180.219168,22.408358,143.903226,254.0,264.0,258.434545,19.253642,212.0,290.0,119.0,86.497273,59.130714,0.0,145.0,58.440179,68.748207,27.277469,34.928831,117.670887,50.0,47.718182,14.782458,19,85,1.2,1.163773,0.049876,1.1,1.3,1.058876,1.063676,0.0631,0.890476,1.264865,1.3,1.295545,0.02064,1.2,1.3,0.0,0.261273,0.457821,0.0,1.2,0.365583,0.319628,0.161794,0.043412,0.569834,50.0,47.718182,14.782458,19,85,1585134.0,1585437.538182,30196.365219,1538436.0,1771724.0,1451110.347451,1454777.826243,86599.196686,1237009.2,1711460.216216,1771416.0,1765576.44,27346.577823,1585476,1772204,103964.0,429036.687273,572931.079362,102904,1585644,469178.351422,406993.62343,211879.743418,39589.360495,729093.362716,50.0,47.718182,14.782458,19,85,kernels-streams-async,kernels-0
SERIAL,P0_READ_INPUT,164.0,135.266364,71.273362,0.0,202.0,147.523364,138.397694,17.448251,104.425743,166.048544,262.0,257.702727,18.812368,212.0,290.0,0.0,0.011818,0.130953,0.0,3.0,95.20507,90.873558,27.358076,43.14194,129.54629,106.0,103.086364,6.597818,83,119,1.1,1.1,0.0,1.1,1.1,1.011429,1.019058,0.019801,0.987037,1.097345,1.3,1.291909,0.027282,1.2,1.3,0.0,0.0,0.0,0.0,0.0,0.331141,0.313521,0.03435,0.242055,0.36045,106.0,103.086364,6.597818,83,119,1520188.0,1520252.907273,4081.577978,1507716.0,1547564.0,1392042.010933,1401793.08209,25804.000046,1360120.407407,1504270.159292,1771412.0,1758820.803636,43342.613401,1585156,1772204,10720.0,17212.68,21113.678374,10240,104084,426895.729071,404460.29479,44174.879855,310568.161177,462837.885209,106.0,103.086364,6.597818,83,119,kernels-streams-async,kernels-0
SERIAL,P5_COPY_HOST,190.25,188.665,51.359633,131.5,279.5,178.186111,182.335121,23.442872,143.903226,261.222222,266.0,259.741818,20.213705,212.0,290.0,120.0,88.162727,58.653669,0.0,145.0,57.892999,68.042221,27.015408,34.928831,117.670887,50.0,48.113636,16.411141,18,85,1.2,1.165545,0.050423,1.1,1.3,1.058,1.057947,0.062865,0.857895,1.264865,1.3,1.3,0.0,1.3,1.3,0.0,0.189273,0.403481,0.0,1.2,0.369596,0.33869,0.147255,0.048398,0.583396,50.0,48.113636,16.411141,18,85,1585170.0,1587696.887273,32916.21311,1547896.0,1771724.0,1449625.7,1447429.921033,85887.388063,1200328.421053,1711460.216216,1771436.0,1771438.112727,270.468905,1770520,1772204,103926.0,339599.647273,506105.030566,102904,1585644,474376.505559,432561.432542,192066.286022,55069.846962,749224.560264,50.0,48.113636,16.411141,18,85,kernels-streams-async,kernels-0
SERIAL,P6_SAVE_PRODS,190.25,192.566818,55.187565,131.5,281.0,184.423451,188.664351,29.829355,143.903226,279.8125,267.0,261.611818,21.894844,212.0,298.0,122.0,98.165364,59.757001,0.0,272.0,55.621113,63.955688,27.140554,4.610547,117.670887,46.0,46.2,18.076775,15,82,1.2,1.175955,0.055511,1.1,1.3,1.053846,1.033973,0.066825,0.766667,1.173077,1.3,1.3,0.0,1.3,1.3,0.0,0.026182,0.135258,0.0,1.1,0.382947,0.390032,0.107988,0.073044,0.615127,46.0,46.2,18.076775,15,82,1585248.0,1598096.523636,49728.930319,1552536.0,1771800.0,1442392.113636,1416304.160727,88522.667878,1076319.733333,1598411.769231,1771436.0,1771439.567273,270.427778,1770520,1772204,103860.0,134425.221818,162682.291584,102904,1501804,490280.364194,500521.167773,138874.518508,81509.998724,792218.57322,46.0,46.2,18.076775,15,82,kernels-streams-async,kernels-0
