STRATEGY,PHASE,TIMESTAMP_count,TIMESTAMP_median,TIMESTAMP_mean,TIMESTAMP_std,TIMESTAMP_min,TIMESTAMP_max,strategy,algorithm
SERIAL,P0_READ_INPUT,1100,1328.71344,1334.096665,17.536998,1311.068237,1413.727539,kernels-streams-async,kernels-0
KERNELS,RAD_REF,1100,3.830784,3.960843,0.17915,3.798016,4.232192,kernels-streams-async,kernels-0
KERNELS,ALB_NDVI_LAI_PAI_E,1100,5.517216,5.553424,0.055713,5.499232,5.66784,kernels-streams-async,kernels-0
KERNELS,SURFACE_TEMP_SHORT_WAVE,1100,1.17232,1.188747,0.025795,1.16704,1.241088,kernels-streams-async,kernels-0
KERNELS,LARGE_WAVES_RADIATION,1100,1.129728,1.130099,0.002143,1.124672,1.17248,kernels-streams-async,kernels-0
KERNELS,NET_RADIATION,1100,1.31584,1.316086,0.002159,1.312768,1.366976,kernels-streams-async,kernels-0
KERNELS,SOIL_HEAT_FLUX,1100,0.833792,0.83696,0.005595,0.830464,0.880736,kernels-streams-async,kernels-0
KERNELS,P1_INITIAL_PROD,1100,13.847552,14.035754,0.262755,13.799392,14.484576,kernels-streams-async,kernels-0
KERNELS,PIXEL_FILTER,1100,14.579952,15.238226,1.273945,14.242624,24.483744,kernels-streams-async,kernels-0
KERNELS,P2_PIXEL_SEL,1100,14.893056,15.553667,1.279483,14.546912,24.799232,kernels-streams-async,kernels-0
KERNELS,D0,1100,0.64912,0.661277,0.022902,0.63888,0.714656,kernels-streams-async,kernels-0
KERNELS,ZOM,1100,0.751616,0.753377,0.004357,0.748544,0.766976,kernels-streams-async,kernels-0
KERNELS,USTAR,1100,0.71664,0.717947,0.003651,0.713728,0.747264,kernels-streams-async,kernels-0
KERNELS,KB1,1100,1.625968,1.650237,0.048095,1.60048,1.760256,kernels-streams-async,kernels-0
KERNELS,RAH_INI,1100,1.103872,1.105154,0.002495,1.101824,1.128448,kernels-streams-async,kernels-0
KERNELS,RAH_CYCLE,1100,5.792608,5.868131,0.163244,5.694464,6.235136,kernels-streams-async,kernels-0
KERNELS,SENSIBLE_HEAT_FLUX,1100,0.677888,0.678198,0.004348,0.67152,0.735232,kernels-streams-async,kernels-0
KERNELS,P3_RAH,1100,11.990912,12.145069,0.48129,11.851776,21.456896,kernels-streams-async,kernels-0
KERNELS,LATENT_HEAT_FLUX,1100,0.878592,0.878909,0.001385,0.876544,0.897024,kernels-streams-async,kernels-0
KERNELS,NET_RADIATION_24H,1100,0.493568,0.501959,0.018229,0.487424,0.564992,kernels-streams-async,kernels-0
KERNELS,EVAPOTRANSPIRATION_24H,1100,1.337344,1.338945,0.003903,1.333248,1.383104,kernels-streams-async,kernels-0
KERNELS,P4_FINAL_PROD,1100,2.736128,2.745942,0.022187,2.725984,2.854656,kernels-streams-async,kernels-0
SERIAL,P5_COPY_HOST,1100,60.620342,60.658535,0.353601,59.774544,63.629707,kernels-streams-async,kernels-0
SERIAL,P6_SAVE_PRODS,1100,57.346874,57.434872,1.459423,55.000018,59.995606,kernels-streams-async,kernels-0
KERNELS,P_TOTAL,1100,1687.23,1697.512855,52.224123,1584.03,2401.09,kernels-streams-async,kernels-0
