STRATEGY,PHASE,CPU_USAGE_PERCENTAGE_median_median,CPU_USAGE_PERCENTAGE_median_mean,CPU_USAGE_PERCENTAGE_median_std,CPU_USAGE_PERCENTAGE_median_min,CPU_USAGE_PERCENTAGE_median_max,CPU_USAGE_PERCENTAGE_mean_median,CPU_USAGE_PERCENTAGE_mean_mean,CPU_USAGE_PERCENTAGE_mean_std,CPU_USAGE_PERCENTAGE_mean_min,CPU_USAGE_PERCENTAGE_mean_max,CPU_USAGE_PERCENTAGE_max_median,CPU_USAGE_PERCENTAGE_max_mean,CPU_USAGE_PERCENTAGE_max_std,CPU_USAGE_PERCENTAGE_max_min,CPU_USAGE_PERCENTAGE_max_max,CPU_USAGE_PERCENTAGE_min_median,CPU_USAGE_PERCENTAGE_min_mean,CPU_USAGE_PERCENTAGE_min_std,CPU_USAGE_PERCENTAGE_min_min,CPU_USAGE_PERCENTAGE_min_max,CPU_USAGE_PERCENTAGE_std_median,CPU_USAGE_PERCENTAGE_std_mean,CPU_USAGE_PERCENTAGE_std_std,CPU_USAGE_PERCENTAGE_std_min,CPU_USAGE_PERCENTAGE_std_max,CPU_USAGE_PERCENTAGE_count_median,CPU_USAGE_PERCENTAGE_count_mean,CPU_USAGE_PERCENTAGE_count_std,CPU_USAGE_PERCENTAGE_count_min,CPU_USAGE_PERCENTAGE_count_max,MEM_USAGE_PERCENTAGE_median_median,MEM_USAGE_PERCENTAGE_median_mean,MEM_USAGE_PERCENTAGE_median_std,MEM_USAGE_PERCENTAGE_median_min,MEM_USAGE_PERCENTAGE_median_max,MEM_USAGE_PERCENTAGE_mean_median,MEM_USAGE_PERCENTAGE_mean_mean,MEM_USAGE_PERCENTAGE_mean_std,MEM_USAGE_PERCENTAGE_mean_min,MEM_USAGE_PERCENTAGE_mean_max,MEM_USAGE_PERCENTAGE_max_median,MEM_USAGE_PERCENTAGE_max_mean,MEM_USAGE_PERCENTAGE_max_std,MEM_USAGE_PERCENTAGE_max_min,MEM_USAGE_PERCENTAGE_max_max,MEM_USAGE_PERCENTAGE_min_median,MEM_USAGE_PERCENTAGE_min_mean,MEM_USAGE_PERCENTAGE_min_std,MEM_USAGE_PERCENTAGE_min_min,MEM_USAGE_PERCENTAGE_min_max,MEM_USAGE_PERCENTAGE_std_median,MEM_USAGE_PERCENTAGE_std_mean,MEM_USAGE_PERCENTAGE_std_std,MEM_USAGE_PERCENTAGE_std_min,MEM_USAGE_PERCENTAGE_std_max,MEM_USAGE_PERCENTAGE_count_median,MEM_USAGE_PERCENTAGE_count_mean,MEM_USAGE_PERCENTAGE_count_std,MEM_USAGE_PERCENTAGE_count_min,MEM_USAGE_PERCENTAGE_count_max,MEM_USAGE_MB_median_median,MEM_USAGE_MB_median_mean,MEM_USAGE_MB_median_std,MEM_USAGE_MB_median_min,MEM_USAGE_MB_median_max,MEM_USAGE_MB_mean_median,MEM_USAGE_MB_mean_mean,MEM_USAGE_MB_mean_std,MEM_USAGE_MB_mean_min,MEM_USAGE_MB_mean_max,MEM_USAGE_MB_max_median,MEM_USAGE_MB_max_mean,MEM_USAGE_MB_max_std,MEM_USAGE_MB_max_min,MEM_USAGE_MB_max_max,MEM_USAGE_MB_min_median,MEM_USAGE_MB_min_mean,MEM_USAGE_MB_min_std,MEM_USAGE_MB_min_min,MEM_USAGE_MB_min_max,MEM_USAGE_MB_std_median,MEM_USAGE_MB_std_mean,MEM_USAGE_MB_std_std,MEM_USAGE_MB_std_min,MEM_USAGE_MB_std_max,MEM_USAGE_MB_count_median,MEM_USAGE_MB_count_mean,MEM_USAGE_MB_count_std,MEM_USAGE_MB_count_min,MEM_USAGE_MB_count_max,strategy,algorithm
SERIAL,ALBEDO,99.35,100.324028,8.1711,87.0,116.5,100.145455,101.882284,9.834663,86.581818,121.2,115.0,121.334787,15.7046,99.3,149.0,86.2,86.491469,6.694706,74.7,100.0,8.311888,10.088375,3.035847,6.721402,16.067857,55.0,67.688152,23.281839,51,114,2.3,2.284408,0.139687,2.0,2.5,2.267857,2.267665,0.133297,1.992727,2.524528,2.6,2.684929,0.213337,2.3,3.1,1.8,1.829858,0.235287,1.4,2.2,0.210893,0.246579,0.090897,0.167033,0.424121,55.0,67.688152,23.281839,51,114,3075840.0,3078283.981043,179605.534679,2694880.0,3396880.0,3054635.555556,3054724.258127,175389.994748,2695575.272727,3390318.490566,3490560.0,3601939.71564,280531.13283,3157760,4115840,2477600.0,2478563.63981,305173.298354,1938880,2990880,276247.207832,322194.725649,120762.82505,214959.531819,554912.802294,55.0,67.688152,23.281839,51,114,serial,kernels-0
SERIAL,D0,99.9,99.725498,1.239544,97.45,102.0,99.719643,99.750509,1.305709,97.480357,102.084483,102.0,102.034692,1.54271,99.9,105.0,97.5,97.528246,1.364548,95.2,100.0,1.320252,1.341074,0.080371,1.194965,1.570838,56.0,69.763981,24.377608,51,116,4.2,4.323791,0.151127,4.2,4.6,4.325455,4.329654,0.066308,4.218182,4.435088,4.6,4.58455,0.050596,4.4,4.6,4.0,4.0,0.0,4.0,4.0,0.204232,0.206122,0.036277,0.130732,0.256957,56.0,69.763981,24.377608,51,116,5649900.0,5789755.799052,180579.025426,5593724.0,6090560.0,5750200.631579,5759148.777318,79989.113438,5620790.327273,5883240.77193,6089908.0,6074840.746919,47422.203055,5919764,6090560,5348860.0,5349121.554502,2065.088936,5347896,5369112,251977.425907,257756.302458,40562.271269,180780.387506,318160.8146,56.0,69.763981,24.377608,51,116,serial,kernels-0
SERIAL,EA_EMISSIVITY,99.6,99.850569,5.858959,90.5,111.0,99.975439,100.555357,6.605172,90.266964,112.706422,111.0,113.919147,10.130229,99.5,133.0,89.8,89.619621,5.493894,79.8,100.0,6.371491,6.877104,1.24401,5.135539,9.284666,57.0,77.952607,27.078066,52,115,3.1,3.096777,0.05888,2.9,3.2,3.079279,3.07474,0.098579,2.880357,3.255357,3.5,3.556209,0.261685,3.2,4.0,2.6,2.611754,0.201027,2.3,3.0,0.209754,0.267958,0.109705,0.142838,0.429482,57.0,77.952607,27.078066,52,115,4148880.0,4147439.090047,71411.659804,3924080.0,4315680.0,4124870.630631,4117990.498066,130358.312548,3857985.714286,4357448.571429,4682880.0,4749883.298578,341188.831804,4240000,5332800,3453600.0,3506740.473934,263917.196961,3071040,4065440,276911.47925,351249.394309,145481.448792,187355.958189,562297.076672,57.0,77.952607,27.078066,52,115,serial,kernels-0
SERIAL,ENB_EMISSIVITY,99.55,100.130853,6.362578,89.8,112.0,100.080357,101.00689,7.232959,89.389474,114.517857,115.0,114.91763,10.173519,99.5,133.0,87.8,89.067014,5.508716,79.8,100.0,7.374346,7.616604,1.693358,5.410818,10.456697,56.0,62.107109,18.178195,52,113,2.8,2.836161,0.200694,2.5,3.1,2.827586,2.827995,0.160474,2.514286,3.124528,3.2,3.187204,0.149944,2.9,3.5,2.5,2.452133,0.171589,2.1,2.8,0.213593,0.227199,0.058618,0.157591,0.385398,56.0,62.107109,18.178195,52,113,3812800.0,3800836.322275,260396.371979,3384160.0,4181040.0,3793532.035398,3792329.980526,211750.226016,3379300.0,4182801.509434,4223680.0,4266977.364929,193573.854638,3870400,4667520,3344960.0,3294253.649289,223322.896301,2873920,3729120,282766.441081,297257.797884,77589.242343,204209.822179,505327.219784,56.0,62.107109,18.178195,52,113,serial,kernels-0
SERIAL,EO_EMISSIVITY,99.6,100.127583,6.354349,89.8,112.0,99.975439,100.955834,7.221686,89.389474,114.517857,111.0,114.435166,10.247094,99.5,133.0,89.2,89.392322,5.445942,79.8,100.0,6.371491,7.385743,1.698401,5.410818,10.456697,56.0,61.356398,17.233027,52,115,3.0,2.916872,0.188056,2.6,3.2,2.905357,2.905919,0.160055,2.594545,3.189091,3.2,3.252322,0.166365,3.0,3.6,2.5,2.534502,0.183483,2.2,2.9,0.212616,0.2196,0.059697,0.142838,0.381018,56.0,61.356398,17.233027,52,115,4007600.0,3911923.71564,251012.548713,3441920.0,4228960.0,3890821.818182,3895146.048652,211241.357475,3483371.636364,4269983.448276,4315840.0,4352731.146919,215757.192625,4046240,4858880,3402400.0,3402878.180095,237895.260182,2988800,3907360,281473.448778,287155.565357,79461.708938,187355.958189,501526.914702,56.0,61.356398,17.233027,52,115,serial,kernels-0
SERIAL,EVAPOTRANSPIRATION_24H,99.5,99.692749,1.078803,97.9,101.0,99.610811,99.711431,1.006759,98.0125,101.452727,101.0,101.37763,1.127924,99.9,103.0,98.0,98.04436,1.045558,96.2,100.0,1.081054,1.082738,0.058639,0.935705,1.298289,54.0,53.724171,13.954818,29,90,4.9,4.933507,0.083638,4.25,5.2,4.498851,4.512639,0.361456,3.667647,5.107317,5.3,5.3,0.0,5.3,5.3,0.4,1.587488,1.84598,0.0,4.9,1.17741,1.015653,0.552423,0.120483,1.785313,54.0,53.724171,13.954818,29,90,6482280.0,6533071.781991,124711.004077,5622066.0,6868664.0,5952804.246914,5980737.379513,471424.072417,4874980.235294,6767998.731707,7016244.0,7016236.92891,263.756431,7015408,7016924,524592.0,2108372.272986,2431833.680827,8940,6461004,1553602.783008,1346489.654356,725555.244514,180606.331982,2354322.752889,54.0,53.724171,13.954818,29,90,serial,kernels-0
SERIAL,KB1,99.9,99.716682,1.143458,97.6,102.0,99.718343,99.729565,1.197417,97.647321,101.878448,102.0,101.911469,1.425397,99.9,104.0,97.5,97.596872,1.306552,95.4,100.0,1.21863,1.2367,0.058482,1.14995,1.425995,168.0,153.512796,25.108788,108,175,4.5,4.5,0.0,4.5,4.5,4.498261,4.495929,0.036443,4.41988,4.567059,4.7,4.724455,0.06497,4.6,4.8,4.2,4.170806,0.140008,4.0,4.4,0.147288,0.134225,0.041956,0.063468,0.185212,168.0,153.512796,25.108788,108,175,5996360.0,5997560.083412,18037.634673,5963084.0,6039908.0,5991678.285714,5987856.351699,47814.085503,5885540.915663,6080572.0,6307656.0,6290034.995261,64502.520642,6092204,6364072,5565272.0,5565302.180095,178388.200754,5348064,5908896,193587.254047,173208.544721,59709.885259,73129.00497,241310.099671,168.0,153.512796,25.108788,108,175,serial,kernels-0
SERIAL,LAI,99.35,99.877867,6.915845,88.55,114.0,100.145455,100.879188,8.000576,88.108929,117.714286,115.0,116.715735,11.95855,99.6,149.0,87.2,87.365782,7.17123,74.7,100.0,8.310825,8.434726,1.759835,6.246043,13.895885,56.0,74.424645,26.40697,51,114,2.55,2.554739,0.085535,2.35,2.8,2.575,2.573954,0.113217,2.353704,2.810909,3.1,3.017156,0.192752,2.6,3.3,2.1,2.129194,0.216932,1.7,2.5,0.221088,0.266011,0.09582,0.167033,0.412556,56.0,74.424645,26.40697,51,114,3426960.0,3430549.459716,107896.901488,3166000.0,3761920.0,3458394.074074,3457558.718142,148643.259745,3167810.909091,3767333.818182,4113280.0,4042620.966825,248161.573361,3493760,4422080,2885600.0,2868792.720379,282517.242046,2348960,3351680,288167.929403,347767.547385,127359.443991,214959.531819,540668.751385,56.0,74.424645,26.40697,51,114,serial,kernels-0
SERIAL,LARGE_WAVES_RADIATION,99.7,99.963365,5.093634,91.3,110.0,99.925926,100.452795,5.634905,91.176364,111.055556,109.0,110.94218,7.553515,99.4,124.0,91.0,91.212986,4.598898,83.1,100.0,5.144638,5.763211,1.015395,4.605223,7.722588,55.0,66.240758,22.413503,52,115,3.6,3.609668,0.203518,3.3,4.0,3.591071,3.599528,0.154348,3.3,3.880357,4.0,3.956967,0.076488,3.7,4.0,3.2,3.184929,0.15112,2.9,3.5,0.252816,0.262872,0.06018,0.158656,0.387719,55.0,66.240758,22.413503,52,115,4816640.0,4822927.393365,265434.2734,4371840.0,5307840.0,4809607.207207,4817499.659171,208596.761379,4416564.363636,5202874.181818,5396160.0,5314915.230332,122423.596756,4975520,5397128,4222720.0,4265669.763033,194244.070709,3869280,4658560,334313.088302,351774.879342,82483.695564,226510.560757,521748.266042,55.0,66.240758,22.413503,52,115,serial,kernels-0
SERIAL,LATENT_HEAT_FLUX,99.9,99.624218,0.979132,97.9,101.0,99.663441,99.711352,0.996594,98.0125,101.452727,101.0,101.430711,1.132429,99.9,103.0,98.0,98.05763,1.056989,96.2,100.0,1.034472,1.042811,0.04752,0.935705,1.178662,55.0,58.63128,14.083499,40,102,4.9,4.908483,0.027834,4.9,5.1,4.901786,4.722547,0.282776,3.983333,5.107317,5.3,5.262654,0.079542,5.0,5.3,3.2,2.745877,2.07668,0.0,4.9,0.448394,0.640456,0.554037,0.018564,1.668269,55.0,58.63128,14.083499,40,102,6460708.0,6488181.62654,51063.248524,6459548.0,6814508.0,6474304.491228,6251710.958095,366856.338475,5298369.583333,6767998.731707,7016124.0,6975514.274882,88368.777253,6646008,7016924,4193812.0,3632366.096682,2731632.708883,9324,6461004,594951.370869,854697.145612,724683.29934,37767.574959,2200051.232127,55.0,58.63128,14.083499,40,102,serial,kernels-0
SERIAL,NDVI,99.35,99.935877,7.768316,87.0,116.5,100.145455,101.204708,9.204667,86.581818,121.2,115.0,118.916777,14.71634,99.3,149.0,87.2,87.160853,6.944235,74.7,100.0,8.310825,9.225815,2.482612,6.721402,16.067857,55.0,63.847393,20.249919,51,114,2.4,2.410521,0.134662,2.1,2.6,2.405357,2.402364,0.145937,2.116364,2.705455,2.8,2.791943,0.224964,2.5,3.1,2.0,2.005877,0.222466,1.6,2.4,0.200044,0.229026,0.080868,0.167033,0.424044,55.0,63.847393,20.249919,51,114,3273920.0,3239444.018957,173051.81133,2872480.0,3532160.0,3233285.714286,3231889.807691,192219.024539,2856078.545455,3626373.818182,3705600.0,3743023.469194,292731.381627,3341920,4176160,2709760.0,2710097.592417,288849.197163,2195360,3191200,261501.256617,298783.347096,106548.966847,214959.531819,553988.257395,55.0,63.847393,20.249919,51,114,serial,kernels-0
SERIAL,NET_RADIATION,99.8,99.81564,4.956024,91.3,110.0,99.925926,100.266063,5.474304,91.176364,111.055556,109.0,110.337441,7.343755,99.4,124.0,91.5,91.462844,4.676661,83.1,100.0,5.137073,5.515426,0.878992,4.417511,7.722588,55.0,64.203791,20.699329,52,114,3.8,3.771422,0.196605,3.4,4.0,3.701786,3.719305,0.147487,3.416981,3.96,4.0,3.988815,0.031533,3.9,4.0,3.3,3.310427,0.190787,3.1,3.7,0.250584,0.232365,0.074486,0.075743,0.360659,55.0,64.203791,20.699329,52,114,5087360.0,5038286.818957,260381.275684,4506880.0,5392640.0,4957600.0,4981001.373218,203296.022975,4572093.584906,5316841.928571,5396480.0,5367653.118483,59908.512484,5165280,5397156,4385600.0,4429800.037915,253032.342294,4093440,5003840,329556.001893,315346.394451,95872.450666,117406.735324,492247.456954,55.0,64.203791,20.699329,52,114,serial,kernels-0
SERIAL,NET_RADIATION_24H,99.6,99.58654,0.986555,97.9,101.0,99.613158,99.70267,0.997862,98.0125,101.452727,101.0,101.418389,1.131607,99.9,103.0,98.0,98.057156,1.053873,96.2,100.0,1.059044,1.060509,0.049465,0.935705,1.205553,55.0,55.692891,12.970427,34,96,4.9,4.92346,0.049349,4.9,5.1,4.666292,4.632792,0.334428,3.907692,5.107317,5.3,5.287773,0.035553,5.1,5.3,1.6,2.258768,2.062638,0.0,4.9,0.895441,0.807975,0.584064,0.056292,1.724086,55.0,55.692891,12.970427,34,96,6469500.0,6514878.174408,82168.415208,6459548.0,6814508.0,6173411.076923,6136914.737976,434426.690865,5194956.923077,6767998.731707,7016184.0,7003671.848341,36926.534172,6829500,7016924,2155560.0,2991761.08436,2714315.855916,9220,6461004,1181983.467408,1074811.073256,765306.651174,95158.708755,2276557.301048,55.0,55.692891,12.970427,34,96,serial,kernels-0
SERIAL,P0_READ_INPUT,85.0,87.413365,12.032625,69.5,111.5,73.963115,74.865199,6.186682,63.665049,86.734266,147.0,147.847393,28.84746,98.5,199.0,0.0,0.012322,0.133696,0.0,2.0,45.052728,45.234241,14.089395,23.350192,70.000722,129.0,129.158294,16.112112,100,158,0.9,0.905024,0.09468,0.7,1.0,0.799231,0.804214,0.092503,0.637,0.974051,1.5,1.534028,0.239085,1.1,1.9,0.0,0.0,0.0,0.0,0.0,0.427338,0.43264,0.053337,0.35103,0.537108,129.0,129.158294,16.112112,100,158,1292720.0,1248780.056872,108571.107858,978640.0,1381920.0,1119142.153846,1125112.552925,122024.644967,905393.6,1350351.392405,2087520.0,2089586.957346,312091.307186,1496960,2623200,24640.0,24618.312796,2569.525055,3840,31680,561725.003806,568056.097915,70786.601924,460330.429817,708579.34055,129.0,129.158294,16.112112,100,158,serial,kernels-0
SERIAL,P1_INITIAL_PROD,99.5,99.763507,6.867424,89.1,113.0,101.122744,101.852724,9.235687,88.413043,119.143431,147.0,147.023507,29.93425,99.6,199.0,74.5,77.739526,11.216089,59.0,100.0,12.349398,12.906153,3.982735,6.954074,21.153818,276.0,270.258768,18.083623,216,284,2.6,2.582701,0.163952,2.3,3.0,2.567986,2.560273,0.150646,2.26548,2.851613,4.0,4.0,0.0,4.0,4.0,1.0,0.941896,0.121846,0.6,1.1,0.991686,0.967818,0.055405,0.808719,1.012583,276.0,270.258768,18.083623,216,284,3439360.0,3466989.725118,211582.666646,3061520.0,4026400.0,3452626.181818,3444830.551941,201146.69329,3052544.341637,3833568.573477,5396584.0,5394464.163033,7965.661057,5347200,5397156,1349440.0,1303006.938389,156256.450831,922240,1537440,1313848.250818,1282429.493286,74608.999894,1066460.810128,1338646.258953,276.0,270.258768,18.083623,216,284,serial,kernels-0
SERIAL,P2_PIXEL_SEL,99.8,99.70981,2.001412,96.2,103.0,99.713405,99.812735,2.430536,95.857211,104.115558,109.0,109.178768,5.750879,99.9,119.0,91.5,91.755924,4.54146,84.3,99.9,2.808989,2.922305,0.279023,2.612434,3.682789,843.0,859.082464,26.823653,824,908,4.6,4.6,0.0,4.6,4.6,4.483768,4.475587,0.018495,4.436496,4.49786,4.8,4.8,0.0,4.8,4.8,3.6,3.582749,0.264693,3.2,4.0,0.231674,0.239962,0.029938,0.201057,0.30591,843.0,859.082464,26.823653,824,908,6089940.0,6089930.263507,264.569599,6089016.0,6090560.0,5950318.182681,5939997.057027,23665.842007,5889808.566964,5968436.280618,6386256.0,6385886.991469,6659.850442,6371288,6397168,4757120.0,4788065.122275,344362.558329,4260320,5348800,283748.977464,294881.721475,40809.312466,242177.244973,384161.33855,843.0,859.082464,26.823653,824,908,serial,kernels-0
SERIAL,P3_RAH,99.9,99.714787,1.066543,97.8,102.0,99.715013,99.74135,1.13396,97.788041,101.754545,102.0,102.036398,1.540738,99.9,105.0,97.4,97.519336,1.358097,95.2,99.9,1.159224,1.178585,0.064979,1.080055,1.356581,393.0,389.849289,12.109284,330,403,4.7,4.684265,0.036495,4.6,4.8,4.649118,4.642049,0.028914,4.558182,4.691247,5.3,5.221327,0.128818,4.9,5.3,4.0,2.808436,1.576492,0.0,4.0,0.261133,0.338452,0.133288,0.22477,0.662376,393.0,389.849289,12.109284,330,403,6297688.0,6265449.683412,64735.113728,6089184.0,6323468.0,6174119.889169,6164660.058644,37946.173339,6055863.116883,6229813.145889,7016052.0,6923320.606635,157606.314761,6467300,7016924,5348476.0,3752795.727014,2102653.851982,9324,5349440,332111.865873,436358.09234,179975.554646,281748.157964,868502.271016,393.0,389.849289,12.109284,330,403,serial,kernels-0
SERIAL,P4_FINAL_PROD,99.9,99.692417,1.036023,97.9,101.0,99.66129,99.720802,1.005169,98.0125,101.452727,101.0,101.430711,1.132429,99.9,103.0,98.0,98.036967,1.046889,96.2,100.0,1.060426,1.05979,0.042888,0.935705,1.178662,55.0,66.07109,18.192197,40,102,4.9,4.908483,0.027834,4.9,5.1,4.574074,4.626023,0.261761,3.983333,5.107317,5.3,5.3,0.0,5.3,5.3,0.4,1.587488,1.84598,0.0,4.9,1.080006,0.902352,0.465944,0.120483,1.668269,55.0,66.07109,18.192197,40,102,6460708.0,6488181.62654,51063.248524,6459548.0,6814508.0,6049668.659341,6126041.439997,342032.620124,5298369.583333,6767998.731707,7016244.0,7016236.92891,263.756431,7015408,7016924,524592.0,2108372.272986,2431833.680827,8940,6461004,1423873.739467,1195157.237747,610172.373668,180606.331982,2200051.232127,55.0,66.07109,18.192197,40,102,serial,kernels-0
SERIAL,P6_SAVE_PRODS,99.5,99.78673,1.165893,97.9,102.0,99.610811,99.758816,1.058765,98.0125,101.494595,101.0,101.360569,1.111523,99.9,103.0,98.0,98.032701,1.040627,95.3,100.0,1.086697,1.098914,0.075823,0.923651,1.341871,51.0,48.316588,14.307754,20,83,4.9,4.831517,0.321671,3.35,5.2,4.32037,4.320921,0.415021,3.26,5.025455,5.3,5.3,0.0,5.3,5.3,0.3,0.979052,1.363167,0.0,4.9,1.410606,1.236105,0.481321,0.154247,1.858286,51.0,48.316588,14.307754,20,83,6484464.0,6401505.541232,430354.327249,4489124.0,6891764.0,5731186.4,5729204.89,545066.696101,4310246.08,6649781.357143,7016244.0,7016237.838863,263.581234,7015408,7016924,410556.0,1308035.609479,1800294.346067,8940,6460736,1864108.601737,1635417.130101,633868.784795,218972.694366,2443668.590757,51.0,48.316588,14.307754,20,83,serial,kernels-0
SERIAL,PAI,99.35,100.058104,6.39901,89.8,112.0,100.145455,100.972824,7.261092,89.389474,114.517857,115.0,115.312891,9.948939,99.5,133.0,87.2,88.596493,5.806953,79.8,100.0,8.310825,7.858038,1.604319,5.410818,10.456697,55.0,63.16872,19.434998,51,114,2.7,2.735213,0.192813,2.5,3.1,2.74386,2.73824,0.157805,2.440741,3.021154,3.1,3.114123,0.163395,2.7,3.4,2.4,2.362749,0.182867,2.0,2.6,0.214832,0.232199,0.062973,0.167033,0.389145,55.0,63.16872,19.434998,51,114,3616160.0,3670362.009479,249209.221744,3337920.0,4117040.0,3682340.0,3673953.074367,207797.952943,3284515.555556,4049184.615385,4170720.0,4168616.492891,210700.146011,3678560,4539680,3193440.0,3177356.28436,234133.009399,2724800,3528480,284077.88933,303785.122389,83385.514257,214959.531819,511057.044865,55.0,63.16872,19.434998,51,114,serial,kernels-0
SERIAL,PIXEL_FILTER,99.8,99.74891,3.50794,93.9,106.0,99.785816,99.970439,3.86434,93.754464,106.941441,109.0,109.17763,5.752718,99.8,119.0,91.5,91.756209,4.541969,84.3,100.0,3.915969,4.124841,0.40906,3.444806,4.974784,226.0,248.787678,27.676575,217,285,4.2,4.185735,0.044346,4.1,4.3,4.22491,4.221015,0.035902,4.13913,4.286099,4.8,4.8,0.0,4.8,4.8,3.6,3.582749,0.264693,3.2,4.0,0.260877,0.288999,0.045193,0.236628,0.382039,226.0,248.787678,27.676575,217,285,5585848.0,5586499.182938,48897.916302,5482916.0,5689816.0,5640175.837104,5635054.851825,47436.813679,5525593.971014,5720407.282511,6386256.0,6385886.991469,6659.850442,6371288,6397168,4757120.0,4788065.122275,344362.558329,4260320,5348800,331675.662141,363417.970497,62155.785809,291763.948219,492053.122159,226.0,248.787678,27.676575,217,285,serial,kernels-0
SERIAL,P_TOTAL,99.7,99.598389,1.892902,96.3,103.0,97.780762,97.815222,2.977389,92.624035,103.072655,147.0,147.853934,28.8365,99.9,199.0,0.0,0.012322,0.133696,0.0,2.0,14.826751,15.789233,3.569423,11.511103,23.418061,1500.0,1500.007583,7.192523,1470,1522,4.6,4.6,0.0,4.6,4.6,3.994809,3.994882,0.005024,3.979056,4.011245,5.3,5.3,0.0,5.3,5.3,0.0,0.0,0.0,0.0,0.0,1.216602,1.216506,0.004882,1.200295,1.231747,1500.0,1500.007583,7.192523,1470,1522,6089940.0,6089930.263507,264.569599,6089016.0,6090560.0,5312121.49734,5312210.888888,6582.943139,5290934.720745,5333696.495315,7016244.0,7016237.838863,263.581234,7015408,7016924,24640.0,24238.691943,3444.345017,3840,31680,1593064.132266,1592856.277316,6432.132292,1572099.139087,1613031.223076,1500.0,1500.007583,7.192523,1470,1522,serial,kernels-0
SERIAL,RADIANCE,99.25,100.88346,12.434636,82.55,125.0,104.54386,106.555065,17.263055,81.8,139.824561,147.0,147.01564,29.946735,98.5,199.0,74.5,77.742559,11.222002,59.0,100.0,21.804393,20.962965,7.66213,8.611463,33.519612,56.0,61.885308,17.481764,52,115,1.2,1.200142,0.173321,1.0,1.6,1.243636,1.239458,0.151509,0.9875,1.548214,1.6,1.626256,0.234385,1.2,2.0,1.0,0.941896,0.121846,0.6,1.1,0.210596,0.206267,0.071379,0.102628,0.374646,56.0,61.885308,17.481764,52,115,1598720.0,1652152.492891,223739.47761,1377440.0,2121360.0,1703854.285714,1698154.73077,200198.601983,1365148.571429,2107451.428571,2208320.0,2209398.293839,305270.40817,1676000,2737760,1349440.0,1303006.938389,156256.450831,922240,1537440,272014.583184,269804.024971,94908.066585,136277.343457,491748.429425,56.0,61.885308,17.481764,52,115,serial,kernels-0
SERIAL,RAH_CYCLE,99.9,99.696682,0.963828,97.9,101.0,99.706667,99.735406,1.053087,97.921875,101.603604,102.0,101.710047,1.32054,99.9,104.0,97.7,97.78891,1.201683,95.7,100.0,1.075584,1.095378,0.052905,1.010445,1.257626,225.0,228.911848,14.028191,217,283,4.8,4.844597,0.049468,4.8,4.9,4.808,4.802109,0.047027,4.652688,4.88578,5.3,5.176967,0.15937,4.9,5.3,4.5,3.576588,1.527009,0.0,4.7,0.133099,0.235421,0.184982,0.115207,0.74596,225.0,228.911848,14.028191,217,283,6447728.0,6440461.383886,20866.20995,6398252.0,6461048.0,6376740.088889,6369309.816375,61070.287196,6174877.204301,6478481.908257,7015840.0,6861756.853081,209281.800296,6459584,7016888,6029416.0,4768324.739336,2031631.677323,9740,6235472,166742.815741,299121.516094,249830.12175,135371.562236,993869.236796,225.0,228.911848,14.028191,217,283,serial,kernels-0
SERIAL,RAH_INI,99.9,99.709621,1.072748,97.7,102.0,99.721818,99.72763,1.138769,97.736607,101.798246,102.0,101.712417,1.318568,99.8,104.0,97.7,97.755829,1.251595,95.6,100.0,1.167555,1.182311,0.057279,1.074429,1.3878,57.0,69.199052,23.815073,53,118,4.65,4.649953,0.049691,4.6,4.7,4.642373,4.643795,0.043581,4.561818,4.732143,4.8,4.759147,0.04918,4.7,4.8,4.5,4.528626,0.045222,4.5,4.6,0.073833,0.081489,0.019182,0.061024,0.117684,57.0,69.199052,23.815073,53,118,6189948.0,6187687.393365,89967.799302,6059056.0,6312632.0,6185177.688073,6185992.748828,54917.427144,6079876.363636,6297100.571429,6332372.0,6332844.777251,32469.652321,6276664,6389676,6036868.0,6036884.663507,32126.699674,5982868,6117404,102440.730386,104280.490596,21587.849783,60485.824498,140230.806125,57.0,69.199052,23.815073,53,118,serial,kernels-0
SERIAL,REFLECTANCE,99.4,100.70019,9.923302,84.6,120.0,101.953529,104.435696,13.550274,84.341071,130.678571,147.0,145.748815,31.153748,99.3,199.0,76.0,79.139431,9.893711,64.0,100.0,15.208903,16.461297,6.444114,8.017685,27.774255,111.0,123.898578,23.724825,105,171,1.7,1.724028,0.161948,1.4,2.05,1.729907,1.727752,0.141207,1.445133,2.006481,2.5,2.51782,0.180356,2.2,2.9,1.0,0.994218,0.108442,0.7,1.2,0.446807,0.477772,0.069883,0.404566,0.616369,111.0,123.898578,23.724825,105,171,2332640.0,2337933.725118,208703.609731,1901440.0,2768720.0,2345655.272727,2342659.004358,186173.514376,1969567.433628,2710705.185185,3391680.0,3382858.161137,233551.010243,2971200,3882720,1383680.0,1373317.763033,141045.050877,1044000,1704640,588629.829466,629198.388898,92268.454244,533905.261781,811232.555612,111.0,123.898578,23.724825,105,171,serial,kernels-0
SERIAL,SENSIBLE_HEAT_FLUX,99.9,99.657867,0.964788,97.9,101.0,99.7,99.722509,0.992565,98.0125,101.452727,101.0,101.432607,1.130867,99.9,103.0,98.0,98.047393,1.062385,96.2,100.0,1.022054,1.032487,0.051922,0.925072,1.178662,55.0,60.268246,15.064853,41,109,4.9,4.900616,0.009598,4.9,5.1,4.905172,4.801261,0.221214,4.141509,5.107317,5.3,5.221327,0.128818,4.9,5.3,4.9,3.286351,1.954643,0.0,4.9,0.159219,0.468077,0.490787,0.0,1.537292,55.0,60.268246,15.064853,41,109,6460552.0,6471790.248341,25498.569649,6459548.0,6814508.0,6474304.491228,6351284.854932,287004.158904,5495549.660377,6767998.731707,7016052.0,6923320.606635,157606.314761,6467300,7016924,6459576.0,4343009.016114,2570055.676142,9324,6461004,225288.807661,627602.252225,641223.877997,979.795897,2028521.869015,55.0,60.268246,15.064853,41,109,serial,kernels-0
SERIAL,SHORT_WAVE_RADIATION,99.65,99.964408,5.135766,91.3,110.0,99.938182,100.488744,5.685632,91.176364,111.055556,111.0,111.411374,7.38534,99.4,124.0,89.8,90.736967,4.812237,83.1,100.0,5.770671,6.034058,0.988837,4.605223,7.722588,56.0,68.51564,23.589337,52,113,3.4,3.410711,0.167153,3.1,3.8,3.444954,3.446435,0.145289,3.172727,3.736364,4.0,3.875735,0.162636,3.4,4.0,3.1,3.03327,0.184921,2.6,3.3,0.254588,0.266928,0.0822,0.142838,0.417657,56.0,68.51564,23.589337,52,113,4523680.0,4560440.64455,217375.41457,4207200.0,5068480.0,4611328.571429,4611089.181624,192875.284003,4250263.272727,5002722.909091,5292000.0,5195213.952607,233780.357293,4604640,5397120,4122720.0,4064580.094787,240833.921677,3528000,4440800,337784.512771,352939.511447,112963.35679,187355.958189,556018.155538,56.0,68.51564,23.589337,52,113,serial,kernels-0
SERIAL,SOIL_HEAT_FLUX,99.8,99.697299,4.659569,92.05,109.0,99.925926,100.08916,5.103547,91.783486,109.935185,109.0,109.681422,6.642173,99.5,124.0,91.5,91.560664,4.767093,83.1,100.0,5.137073,5.287631,0.62535,4.070947,6.995695,55.0,65.384834,21.650312,52,115,3.9,3.896019,0.127887,3.5,4.0,3.803571,3.816655,0.117147,3.570909,3.991071,4.0,4.0,0.0,4.0,4.0,3.4,3.430711,0.24278,3.1,3.9,0.216165,0.193085,0.091258,0.028774,0.335201,55.0,65.384834,21.650312,52,115,5258240.0,5212164.259716,179611.719949,4721280.0,5397108.0,5093965.714286,5116569.092911,164553.948928,4773442.909091,5366560.928571,5396584.0,5394464.163033,7965.661057,5347200,5397156,4525280.0,4590025.554502,313699.608811,4160640,5193120,297569.072433,267911.852011,117732.342157,52925.722178,456636.721053,55.0,65.384834,21.650312,52,115,serial,kernels-0
SERIAL,SURFACE_TEMPERATURE,99.6,99.786445,5.302319,91.3,110.0,99.975439,100.325595,5.856311,91.176364,111.055556,111.0,111.57346,7.210917,99.4,124.0,89.8,90.126161,5.488933,81.0,100.0,6.371491,6.283829,0.815436,4.605223,7.722588,56.0,67.669194,22.940844,52,114,3.2,3.24782,0.118277,3.1,3.55,3.283929,3.284933,0.134392,3.021154,3.57037,3.8,3.725403,0.246915,3.3,4.0,2.9,2.886635,0.215133,2.5,3.2,0.215996,0.246054,0.099437,0.142838,0.429022,56.0,67.669194,22.940844,52,114,4334240.0,4348246.900474,150965.513006,4116160.0,4737280.0,4394046.017699,4395800.005648,177353.067622,4049184.615385,4771810.37037,5051360.0,4984334.7109,332750.110261,4416800,5397120,3932800.0,3867995.905213,286597.281371,3403520,4258560,279702.068136,322354.942226,133117.37341,187355.958189,566658.961195,56.0,67.669194,22.940844,52,114,serial,kernels-0
SERIAL,USTAR,99.9,99.712938,1.195442,97.55,102.0,99.719643,99.731772,1.251169,97.592857,101.947368,102.0,101.920569,1.416467,99.9,104.0,97.5,97.565877,1.349795,95.4,100.0,1.28833,1.301021,0.05727,1.194965,1.458926,56.0,66.90237,22.250108,51,116,4.4,4.355118,0.095299,4.2,4.5,4.371171,4.344445,0.070049,4.218182,4.456897,4.5,4.526635,0.056642,4.4,4.6,4.1,4.099526,0.109812,4.0,4.3,0.130139,0.129906,0.035658,0.059566,0.187685,56.0,66.90237,22.250108,51,116,5907600.0,5822750.191469,120445.334326,5593724.0,5939812.0,5815917.052632,5785382.576112,86327.191004,5620790.327273,5927308.137931,5971640.0,5999383.101422,65498.827478,5919764,6090532,5413632.0,5471734.938389,132431.610866,5348064,5743504,173444.92922,162271.228754,50567.685311,56193.222886,233069.573418,56.0,66.90237,22.250108,51,116,serial,kernels-0
SERIAL,ZOM,99.9,99.71436,1.220051,97.55,102.0,99.719643,99.736039,1.28079,97.568142,102.016522,102.0,102.005592,1.532531,99.9,105.0,97.5,97.543128,1.366191,95.2,100.0,1.301238,1.319573,0.067656,1.194965,1.511769,57.0,74.723223,26.72435,51,117,4.3,4.304123,0.091397,4.2,4.5,4.301852,4.31698,0.059443,4.218182,4.402609,4.6,4.56,0.060454,4.4,4.6,4.0,4.020664,0.045992,4.0,4.2,0.183603,0.168764,0.032053,0.111688,0.228717,57.0,74.723223,26.72435,51,117,5722492.0,5767893.660664,127203.448527,5593724.0,5927428.0,5728018.857143,5747638.999702,72294.273657,5620790.327273,5850025.147826,6089760.0,6038553.418009,72235.532089,5919764,6090560,5348988.0,5374690.312796,52409.011642,5348064,5552216,227350.226029,213057.636477,35550.543048,138462.894889,282800.322273,57.0,74.723223,26.72435,51,117,serial,kernels-0
