STRATEGY,PHASE,TIMESTAMP_count,TIMESTAMP_median,TIMESTAMP_mean,TIMESTAMP_std,TIMESTAMP_min,TIMESTAMP_max,strategy,algorithm
SERIAL,P0_READ_INPUT,1055,1829.269165,1828.468377,8.428086,1799.349365,1857.314575,serial,kernels-0
SERIAL,RADIANCE,1055,109.347275,109.056247,1.194382,103.777,112.491318,serial,kernels-0
SERIAL,REFLECTANCE,1055,1230.181396,1229.916827,7.182412,1208.972168,1280.968384,serial,kernels-0
SERIAL,ALBEDO,1055,245.217407,244.861123,1.288038,240.004684,249.707535,serial,kernels-0
SERIAL,NDVI,1055,154.786469,154.193735,1.220513,149.179932,157.625443,serial,kernels-0
SERIAL,LAI,1055,343.666382,343.471365,1.121171,339.299774,348.66626,serial,kernels-0
SERIAL,PAI,1055,145.783493,145.372539,1.336427,140.794617,149.627136,serial,kernels-0
SERIAL,ENB_EMISSIVITY,1055,113.874733,114.072466,1.224115,110.027206,117.771667,serial,kernels-0
SERIAL,EO_EMISSIVITY,1055,113.373039,113.860865,1.144606,109.508682,116.915375,serial,kernels-0
SERIAL,EA_EMISSIVITY,1055,419.46167,419.871625,1.435621,414.064148,429.250336,serial,kernels-0
SERIAL,SURFACE_TEMPERATURE,1055,214.529495,215.106065,3.038404,211.066147,304.881805,serial,kernels-0
SERIAL,SHORT_WAVE_RADIATION,1055,232.662949,232.779472,1.324219,228.435165,239.241898,serial,kernels-0
SERIAL,LARGE_WAVES_RADIATION,1055,205.830032,209.461613,6.304731,200.900024,226.39653,serial,kernels-0
SERIAL,NET_RADIATION,1055,169.106842,169.279791,0.911206,165.270065,175.071548,serial,kernels-0
SERIAL,SOIL_HEAT_FLUX,1055,191.523773,191.579068,0.856287,188.906204,198.213165,serial,kernels-0
SERIAL,P1_INITIAL_PROD,1055,3893.108154,3892.991161,15.674582,3851.550049,4001.747314,serial,kernels-0
SERIAL,PIXEL_FILTER,1055,3457.510742,3457.678269,9.13168,3438.156494,3667.69458,serial,kernels-0
SERIAL,P2_PIXEL_SEL,1055,14336.785156,14336.142275,18.818342,14204.581055,14541.016602,serial,kernels-0
SERIAL,D0,1055,245.038361,245.345201,2.725882,242.284882,322.42395,serial,kernels-0
SERIAL,ZOM,1055,335.316345,335.252434,1.102045,331.585144,343.167145,serial,kernels-0
SERIAL,USTAR,1055,186.458603,186.255357,0.874643,182.761871,192.295609,serial,kernels-0
SERIAL,KB1,1055,1733.030029,1734.342836,5.40515,1726.828857,1811.853882,serial,kernels-0
SERIAL,RAH_INI,1055,214.382065,214.365665,0.973702,211.025345,222.759048,serial,kernels-0
SERIAL,RAH_CYCLE,1055,3077.338867,3077.566304,3.416634,3068.022705,3145.38501,serial,kernels-0
SERIAL,SENSIBLE_HEAT_FLUX,1055,114.033768,114.171409,0.499947,111.949921,117.188545,serial,kernels-0
SERIAL,P3_RAH,1055,5956.395996,5957.583322,9.155545,5942.779297,6179.098145,serial,kernels-0
SERIAL,LATENT_HEAT_FLUX,1055,109.071312,109.16572,0.89205,106.605278,122.025047,serial,kernels-0
SERIAL,NET_RADIATION_24H,1055,107.900558,107.981137,0.726019,104.537849,111.035881,serial,kernels-0
SERIAL,EVAPOTRANSPIRATION_24H,1055,152.544235,152.932607,1.103661,150.158157,157.463715,serial,kernels-0
SERIAL,P4_FINAL_PROD,1055,369.733429,370.107397,1.909409,365.662537,381.384277,serial,kernels-0
SERIAL,P6_SAVE_PRODS,1055,57.616126,57.58122,1.450962,55.00201,59.996271,serial,kernels-0
SERIAL,P_TOTAL,1055,26862.4,26861.184455,52.949798,26609.3,27328.9,serial,kernels-0
