STRATEGY,PHASE,CPU_USAGE_PERCENTAGE_median_median,CPU_USAGE_PERCENTAGE_median_mean,CPU_USAGE_PERCENTAGE_median_std,CPU_USAGE_PERCENTAGE_median_min,CPU_USAGE_PERCENTAGE_median_max,CPU_USAGE_PERCENTAGE_mean_median,CPU_USAGE_PERCENTAGE_mean_mean,CPU_USAGE_PERCENTAGE_mean_std,CPU_USAGE_PERCENTAGE_mean_min,CPU_USAGE_PERCENTAGE_mean_max,CPU_USAGE_PERCENTAGE_max_median,CPU_USAGE_PERCENTAGE_max_mean,CPU_USAGE_PERCENTAGE_max_std,CPU_USAGE_PERCENTAGE_max_min,CPU_USAGE_PERCENTAGE_max_max,CPU_USAGE_PERCENTAGE_min_median,CPU_USAGE_PERCENTAGE_min_mean,CPU_USAGE_PERCENTAGE_min_std,CPU_USAGE_PERCENTAGE_min_min,CPU_USAGE_PERCENTAGE_min_max,CPU_USAGE_PERCENTAGE_std_median,CPU_USAGE_PERCENTAGE_std_mean,CPU_USAGE_PERCENTAGE_std_std,CPU_USAGE_PERCENTAGE_std_min,CPU_USAGE_PERCENTAGE_std_max,CPU_USAGE_PERCENTAGE_count_median,CPU_USAGE_PERCENTAGE_count_mean,CPU_USAGE_PERCENTAGE_count_std,CPU_USAGE_PERCENTAGE_count_min,CPU_USAGE_PERCENTAGE_count_max,MEM_USAGE_PERCENTAGE_median_median,MEM_USAGE_PERCENTAGE_median_mean,MEM_USAGE_PERCENTAGE_median_std,MEM_USAGE_PERCENTAGE_median_min,MEM_USAGE_PERCENTAGE_median_max,MEM_USAGE_PERCENTAGE_mean_median,MEM_USAGE_PERCENTAGE_mean_mean,MEM_USAGE_PERCENTAGE_mean_std,MEM_USAGE_PERCENTAGE_mean_min,MEM_USAGE_PERCENTAGE_mean_max,MEM_USAGE_PERCENTAGE_max_median,MEM_USAGE_PERCENTAGE_max_mean,MEM_USAGE_PERCENTAGE_max_std,MEM_USAGE_PERCENTAGE_max_min,MEM_USAGE_PERCENTAGE_max_max,MEM_USAGE_PERCENTAGE_min_median,MEM_USAGE_PERCENTAGE_min_mean,MEM_USAGE_PERCENTAGE_min_std,MEM_USAGE_PERCENTAGE_min_min,MEM_USAGE_PERCENTAGE_min_max,MEM_USAGE_PERCENTAGE_std_median,MEM_USAGE_PERCENTAGE_std_mean,MEM_USAGE_PERCENTAGE_std_std,MEM_USAGE_PERCENTAGE_std_min,MEM_USAGE_PERCENTAGE_std_max,MEM_USAGE_PERCENTAGE_count_median,MEM_USAGE_PERCENTAGE_count_mean,MEM_USAGE_PERCENTAGE_count_std,MEM_USAGE_PERCENTAGE_count_min,MEM_USAGE_PERCENTAGE_count_max,MEM_USAGE_MB_median_median,MEM_USAGE_MB_median_mean,MEM_USAGE_MB_median_std,MEM_USAGE_MB_median_min,MEM_USAGE_MB_median_max,MEM_USAGE_MB_mean_median,MEM_USAGE_MB_mean_mean,MEM_USAGE_MB_mean_std,MEM_USAGE_MB_mean_min,MEM_USAGE_MB_mean_max,MEM_USAGE_MB_max_median,MEM_USAGE_MB_max_mean,MEM_USAGE_MB_max_std,MEM_USAGE_MB_max_min,MEM_USAGE_MB_max_max,MEM_USAGE_MB_min_median,MEM_USAGE_MB_min_mean,MEM_USAGE_MB_min_std,MEM_USAGE_MB_min_min,MEM_USAGE_MB_min_max,MEM_USAGE_MB_std_median,MEM_USAGE_MB_std_mean,MEM_USAGE_MB_std_std,MEM_USAGE_MB_std_min,MEM_USAGE_MB_std_max,MEM_USAGE_MB_count_median,MEM_USAGE_MB_count_mean,MEM_USAGE_MB_count_std,MEM_USAGE_MB_count_min,MEM_USAGE_MB_count_max,strategy,algorithm
KERNELS,ALB_NDVI_LAI_PAI_E,340.0,332.452727,33.303558,0.0,384.0,229.434436,240.136622,31.70217,181.057143,337.916667,376.0,376.184545,13.073097,342.0,420.0,0.0,43.012727,78.352705,0.0,205.0,162.711203,148.171701,39.744576,66.493489,200.156969,47.0,43.900909,8.932779,23,68,1.1,1.143318,0.049275,1.0,1.2,0.942997,0.955181,0.109889,0.696,1.232353,1.3,1.293364,0.024903,1.2,1.3,0.0,0.062818,0.176842,0.0,1.1,0.465719,0.417232,0.1442,0.068404,0.60911,47.0,43.900909,8.932779,23,68,1588130.0,1575758.536364,21446.662496,1520820.0,1712216.0,1417192.189702,1415284.160142,69725.351205,1189032.2,1673775.529412,1775256.0,1765586.050909,38000.410046,1588388.0,1786716.0,107748.0,172986.061818,229293.616306,10400.0,1559032.0,468868.631443,457797.004483,137981.499127,94134.242309,711947.546576,44.0,40.866364,10.385533,18,63,kernels-pc,kernels-1
KERNELS,EVAPOTRANSPIRATION_24H,342.0,334.745909,33.298034,0.0,384.0,229.434436,243.360261,36.630881,181.057143,352.333333,378.0,377.21,12.266026,348.0,420.0,0.0,49.978182,82.622151,0.0,205.0,162.711203,145.909613,42.47975,53.384722,200.156969,47.0,43.052727,9.651382,21,56,1.1,1.136909,0.06873,0.65,1.2,0.937106,0.944041,0.119969,0.640909,1.232353,1.3,1.296636,0.018037,1.2,1.3,0.0,0.062818,0.176842,0.0,1.1,0.474843,0.427214,0.14739,0.068404,0.621787,47.0,43.052727,9.651382,21,56,1588412.0,1580685.714545,25535.555937,1526460.0,1719652.0,1417192.189702,1409720.92048,78201.98373,1159987.764706,1673775.529412,1775300.0,1771603.796364,20466.025423,1612696.0,1786716.0,107804.0,176445.574545,227553.523465,10400.0,1559032.0,475623.578597,468414.405136,145546.178152,94134.242309,744813.001624,44.0,39.855455,11.137245,16,55,kernels-pc,kernels-1
KERNELS,LARGE_WAVES,340.0,332.727273,33.295779,0.0,384.0,229.434436,240.482638,32.270272,181.057143,338.208333,376.0,376.298182,12.994301,342.0,420.0,0.0,43.875455,78.91784,0.0,205.0,162.711203,147.934621,40.050406,66.493489,200.156969,47.0,43.789091,9.007179,22,67,1.1,1.143091,0.049909,0.9,1.2,0.94245,0.953948,0.111056,0.6875,1.232353,1.3,1.293727,0.024258,1.2,1.3,0.0,0.062818,0.176842,0.0,1.1,0.466158,0.418388,0.144652,0.068404,0.612846,47.0,43.789091,9.007179,22,67,1588204.0,1576257.041818,21646.998018,1520820.0,1712216.0,1417192.189702,1414654.914137,70744.752213,1189032.2,1673775.529412,1775264.0,1766261.541818,36493.459027,1588748.0,1786716.0,107752.0,173426.592727,229074.236792,10400.0,1559032.0,469377.356507,459043.575668,138972.420662,94134.242309,717091.569648,44.0,40.738182,10.470488,18,63,kernels-pc,kernels-1
KERNELS,LATENT_HEAT_FLUX,342.0,334.567727,33.266395,0.0,384.0,229.434436,243.088426,36.177067,181.057143,352.333333,378.0,377.181818,12.297482,348.0,420.0,0.0,49.279091,82.22736,0.0,205.0,162.711203,146.138595,42.202696,53.384722,200.156969,47.0,43.195455,9.654212,21,68,1.1,1.138045,0.065224,0.7,1.2,0.937255,0.944973,0.118854,0.647619,1.232353,1.3,1.296545,0.018271,1.2,1.3,0.0,0.062818,0.176842,0.0,1.1,0.473702,0.426536,0.147019,0.068404,0.621787,47.0,43.195455,9.654212,21,68,1588378.0,1580163.674545,25008.622721,1526460.0,1719652.0,1417192.189702,1410255.348189,77257.606911,1174707.777778,1673775.529412,1775300.0,1771450.923636,21047.177527,1608612.0,1786716.0,107796.0,176091.0,227735.663938,10400.0,1559032.0,475534.383917,467552.801777,144756.992056,94134.242309,744813.001624,44.0,40.002727,11.117578,16,63,kernels-pc,kernels-1
KERNELS,NET_RADIATION_24H,342.0,334.705,33.292162,0.0,384.0,229.434436,243.299062,36.524828,181.057143,352.333333,378.0,377.21,12.266026,348.0,420.0,0.0,49.805455,82.52771,0.0,205.0,162.711203,145.965254,42.40883,53.384722,200.156969,47.0,43.093636,9.657433,21,67,1.1,1.137182,0.067983,0.65,1.2,0.937106,0.944249,0.119704,0.640909,1.232353,1.3,1.296636,0.018037,1.2,1.3,0.0,0.062818,0.176842,0.0,1.1,0.474543,0.427069,0.147281,0.068404,0.621787,47.0,43.093636,9.657433,21,67,1588408.0,1580541.630909,25324.796729,1526460.0,1719652.0,1417192.189702,1409842.461221,77995.072066,1159987.764706,1673775.529412,1775300.0,1771603.796364,20466.025423,1612696.0,1786716.0,107802.0,176356.192727,227599.266395,10400.0,1559032.0,475623.578597,468213.148405,145342.40177,94134.242309,744813.001624,44.0,39.896364,11.135863,16,62,kernels-pc,kernels-1
KERNELS,NET_RADIATION_SOIL_HEAT,341.0,332.851364,33.336538,0.0,384.0,229.434436,240.632836,32.591134,181.057143,341.083333,376.0,376.298182,12.994301,342.0,420.0,0.0,44.400909,79.264948,0.0,205.0,162.711203,147.806234,40.225591,66.493489,200.156969,47.0,43.670909,8.986132,22,56,1.1,1.142864,0.050489,0.9,1.2,0.94245,0.953419,0.111769,0.6875,1.232353,1.3,1.293727,0.024258,1.2,1.3,0.0,0.062818,0.176842,0.0,1.1,0.467248,0.418776,0.144956,0.068404,0.612846,47.0,43.670909,8.986132,22,56,1588222.0,1576510.347273,21711.470885,1520820.0,1712216.0,1417192.189702,1414346.568884,71363.468095,1189032.2,1673775.529412,1775264.0,1766261.541818,36493.459027,1588748.0,1786716.0,107758.0,173692.723636,228941.528677,10400.0,1559032.0,469377.356507,459558.18202,139552.233528,94134.242309,725188.476577,44.0,40.62,10.470599,18,55,kernels-pc,kernels-1
KERNELS,P1_INITIAL_PROD,340.0,332.400455,33.229109,0.0,384.0,229.434436,240.097285,31.483162,181.057143,332.083333,376.0,376.298182,12.994301,342.0,420.0,0.0,42.491818,78.000904,0.0,205.0,162.711203,148.261342,39.589956,69.958488,200.156969,47.0,44.100909,9.046025,24,68,1.1,1.143273,0.049292,1.0,1.2,0.94245,0.955276,0.109278,0.696,1.232353,1.3,1.293727,0.024258,1.2,1.3,0.0,0.062818,0.176842,0.0,1.1,0.465438,0.417345,0.143804,0.068404,0.60911,47.0,44.100909,9.046025,24,68,1588068.0,1575537.227273,21275.019674,1520820.0,1712216.0,1417192.189702,1415285.214277,69601.911462,1189032.2,1673775.529412,1775264.0,1766261.541818,36493.459027,1588748.0,1786716.0,107728.0,172718.821818,229425.558916,10400.0,1559032.0,469377.356507,457733.675969,137560.516867,94134.242309,711947.546576,45.0,41.05,10.449595,19,63,kernels-pc,kernels-1
KERNELS,P2_PIXEL_SEL,341.0,333.221818,33.089944,0.0,384.0,229.434436,241.199866,32.984058,181.057143,341.083333,377.0,376.868182,12.550531,347.0,420.0,0.0,44.400909,79.264948,0.0,205.0,162.711203,147.625301,40.331633,66.493489,200.156969,48.0,44.090909,9.498858,22,68,1.1,1.142864,0.050489,0.9,1.2,0.938467,0.95145,0.111718,0.6875,1.232353,1.3,1.295545,0.02064,1.2,1.3,0.0,0.062818,0.176842,0.0,1.1,0.467889,0.421361,0.144426,0.068404,0.612846,48.0,44.090909,9.498858,22,68,1588222.0,1576714.492727,21289.82915,1523012.0,1712216.0,1417192.189702,1413535.850269,71956.714183,1189032.2,1673775.529412,1775276.0,1769637.832727,27497.046654,1588864.0,1786716.0,107758.0,173692.723636,228941.528677,10400.0,1559032.0,473387.205474,461470.563243,139528.483817,94134.242309,725188.476577,45.0,40.949091,10.837586,18,63,kernels-pc,kernels-1
KERNELS,P3_RAH,341.25,334.184091,33.222743,0.0,384.0,229.434436,242.5093,35.211882,181.057143,344.727273,378.0,377.096364,12.355066,348.0,420.0,0.0,47.885455,81.422105,0.0,205.0,162.711203,146.612544,41.611052,60.384375,200.156969,47.0,43.457273,9.599581,22,67,1.1,1.140091,0.058701,0.7,1.2,0.937736,0.946926,0.116609,0.66087,1.232353,1.3,1.296273,0.018952,1.2,1.3,0.0,0.062818,0.176842,0.0,1.1,0.472513,0.425051,0.146259,0.068404,0.618982,47.0,43.457273,9.599581,22,67,1588350.0,1579107.72,23758.592691,1526368.0,1712216.0,1417192.189702,1411259.730632,75615.649858,1174707.777778,1673775.529412,1775296.0,1770965.396364,22927.691957,1589408.0,1786716.0,107790.0,175386.64,228096.62249,10400.0,1559032.0,475315.020003,465757.662345,143184.455148,94134.242309,726851.302851,44.0,40.278182,11.026021,17,62,kernels-pc,kernels-1
KERNELS,P4_FINAL_PROD,342.0,334.585909,33.251306,0.0,384.0,229.434436,243.118346,36.188191,181.057143,352.333333,378.0,377.21,12.266026,348.0,420.0,0.0,49.279091,82.22736,0.0,205.0,162.711203,146.130241,42.20647,53.384722,200.156969,47.0,43.215455,9.680705,21,68,1.1,1.138045,0.065224,0.7,1.2,0.937106,0.944872,0.11884,0.647619,1.232353,1.3,1.296636,0.018037,1.2,1.3,0.0,0.062818,0.176842,0.0,1.1,0.473702,0.426674,0.146979,0.068404,0.621787,47.0,43.215455,9.680705,21,68,1588378.0,1580172.401818,24992.397904,1526460.0,1719652.0,1417192.189702,1410209.432798,77282.101793,1174707.777778,1673775.529412,1775300.0,1771603.796364,20466.025423,1612696.0,1786716.0,107796.0,176091.0,227735.663938,10400.0,1559032.0,475623.578597,467657.28439,144742.313873,94134.242309,744813.001624,44.0,40.018182,11.136331,16,63,kernels-pc,kernels-1
KERNELS,PIXEL_FILTER,341.0,333.165,33.122725,0.0,384.0,229.434436,241.114998,32.920832,181.057143,341.083333,377.0,376.784545,12.593596,347.0,420.0,0.0,44.400909,79.264948,0.0,205.0,162.711203,147.652996,40.316671,66.493489,200.156969,47.0,44.028182,9.425158,22,68,1.1,1.142864,0.050489,0.9,1.2,0.939375,0.951755,0.111728,0.6875,1.232353,1.3,1.295273,0.021232,1.2,1.3,0.0,0.062818,0.176842,0.0,1.1,0.467601,0.420968,0.144509,0.068404,0.612846,47.0,44.028182,9.425158,22,68,1588222.0,1576693.910909,21334.339043,1523012.0,1712216.0,1417192.189702,1413690.322853,71836.823346,1189032.2,1673775.529412,1775272.0,1769131.505455,29056.712665,1588748.0,1786716.0,107758.0,173692.723636,228941.528677,10400.0,1559032.0,472680.550069,461155.872455,139527.357012,94134.242309,725188.476577,45.0,40.899091,10.78248,18,63,kernels-pc,kernels-1
KERNELS,P_TOTAL,310.0,221.892727,146.86415,0.0,368.0,237.038928,216.920359,57.265473,94.58209,309.432836,387.0,384.372727,9.77328,357.0,429.0,0.0,0.02,0.169461,0.0,2.0,165.476205,150.269905,33.956107,86.369474,198.645894,67.0,66.542727,1.574071,61,87,1.1,1.100136,0.00337,1.1,1.2,0.9,0.903436,0.015957,0.870588,1.085246,1.3,1.3,0.0,1.3,1.3,0.0,0.0,0.0,0.0,0.0,0.462425,0.459884,0.011864,0.300464,0.480784,67.0,66.542727,1.574071,61,87,1537402.0,1537751.676364,5226.161372,1524540.0,1593544.0,1337814.032258,1340135.003007,18139.602611,1295931.809524,1502753.565217,1775352.0,1775825.323636,1688.07868,1773624.0,1787404.0,10720.0,19901.978182,24608.276252,10080.0,114280.0,514565.957192,511521.047072,18496.851563,385558.911336,554022.676775,62.0,61.718182,1.448113,57,83,kernels-pc,kernels-1
KERNELS,RAD_REF,340.0,332.262273,33.327716,0.0,384.0,229.434436,239.884745,31.315025,181.057143,332.083333,376.0,376.067273,13.193355,342.0,420.0,0.0,42.491818,78.000904,0.0,205.0,162.711203,148.331672,39.53997,69.958488,200.156969,47.0,43.929091,8.83333,24,67,1.1,1.143273,0.049292,1.0,1.2,0.943875,0.956036,0.109252,0.696,1.232353,1.3,1.293,0.025526,1.2,1.3,0.0,0.062818,0.176842,0.0,1.1,0.465017,0.416337,0.143967,0.068404,0.60911,47.0,43.929091,8.83333,24,67,1588068.0,1575443.845455,21472.050889,1520820.0,1712216.0,1417192.189702,1415619.649087,69306.16069,1189032.2,1673775.529412,1775256.0,1764910.123636,39450.664796,1588388.0,1786716.0,107728.0,172718.821818,229425.558916,10400.0,1559032.0,466315.765718,456963.166803,137501.974296,94134.242309,711947.546576,44.0,40.912727,10.294464,19,62,kernels-pc,kernels-1
KERNELS,RAH_CYCLE,342.0,334.306818,33.251697,0.0,384.0,229.434436,242.68567,35.538296,181.057143,345.909091,378.0,377.096364,12.355066,348.0,420.0,0.0,48.407273,81.726388,0.0,205.0,162.711203,146.4539,41.813926,60.384375,200.156969,47.0,43.336364,9.589839,22,67,1.1,1.139318,0.061131,0.7,1.2,0.937736,0.946316,0.117457,0.654545,1.232353,1.3,1.296273,0.018952,1.2,1.3,0.0,0.062818,0.176842,0.0,1.1,0.473047,0.425451,0.146562,0.068404,0.618982,47.0,43.336364,9.589839,22,67,1588360.0,1579455.103636,24104.528312,1526368.0,1712216.0,1417192.189702,1410963.297059,76113.500829,1174707.777778,1673775.529412,1775296.0,1770965.396364,22927.691957,1589408.0,1786716.0,107794.0,175650.029091,227961.862763,10400.0,1559032.0,475315.020003,466298.159396,143718.41973,94134.242309,726851.302851,44.0,40.157273,11.04115,16,62,kernels-pc,kernels-1
KERNELS,RAH_INI,342.0,334.211364,33.319968,0.0,384.0,229.434436,242.533979,35.463837,181.057143,345.909091,377.0,376.952727,12.475619,347.0,420.0,0.0,48.407273,81.726388,0.0,205.0,162.711203,146.496066,41.79512,60.384375,200.156969,47.0,43.237273,9.462683,22,56,1.1,1.139318,0.061131,0.7,1.2,0.938149,0.946819,0.117481,0.654545,1.232353,1.3,1.295818,0.020026,1.2,1.3,0.0,0.062818,0.176842,0.0,1.1,0.473047,0.424802,0.146709,0.068404,0.618982,47.0,43.237273,9.462683,22,56,1588360.0,1579416.049091,24182.462396,1523012.0,1712216.0,1417192.189702,1411176.709864,75965.116966,1174707.777778,1673775.529412,1775284.0,1770144.014545,25827.717221,1588872.0,1786716.0,107794.0,175650.029091,227961.862763,10400.0,1559032.0,473850.478119,465819.112968,143726.815789,94134.242309,726851.302851,44.0,40.080909,10.951618,16,55,kernels-pc,kernels-1
KERNELS,SENSIBLE_HEAT_FLUX,342.0,334.508182,33.304683,0.0,384.0,229.434436,242.996783,36.131771,181.057143,352.333333,378.0,377.096364,12.355066,348.0,420.0,0.0,49.279091,82.22736,0.0,205.0,162.711203,146.165689,42.192066,53.384722,200.156969,47.0,43.133636,9.571595,21,56,1.1,1.138045,0.065224,0.7,1.2,0.937736,0.945289,0.118872,0.647619,1.232353,1.3,1.296273,0.018952,1.2,1.3,0.0,0.062818,0.176842,0.0,1.1,0.473702,0.426145,0.147102,0.068404,0.621787,47.0,43.133636,9.571595,21,56,1588378.0,1580144.110909,25046.341099,1526368.0,1719652.0,1417192.189702,1410399.984441,77154.388855,1174707.777778,1673775.529412,1775296.0,1770965.396364,22927.691957,1589408.0,1786716.0,107796.0,176091.0,227735.663938,10400.0,1559032.0,475315.020003,467258.059264,144754.929922,94134.242309,744813.001624,44.0,39.954545,11.05877,16,55,kernels-pc,kernels-1
KERNELS,SURFACE_TEMP_SHORT_WAVE,340.0,332.635,33.319581,0.0,384.0,229.434436,240.352196,32.101814,181.057143,338.208333,376.0,376.210909,13.049464,342.0,420.0,0.0,43.702727,78.805573,0.0,205.0,162.711203,148.003138,39.974313,66.493489,200.156969,47.0,43.763636,8.92393,23,65,1.1,1.143045,0.049925,0.9,1.2,0.942857,0.9544,0.110874,0.6875,1.232353,1.3,1.293455,0.024744,1.2,1.3,0.0,0.062818,0.176842,0.0,1.1,0.465944,0.417871,0.144613,0.068404,0.612846,47.0,43.763636,8.92393,23,65,1588194.0,1576124.096364,21602.320228,1520820.0,1712216.0,1417192.189702,1414877.29755,70485.894245,1189032.2,1673775.529412,1775258.0,1765754.923636,37629.151087,1588388.0,1786716.0,107752.0,173338.178182,229118.34764,10400.0,1559032.0,469012.593738,458572.505312,138763.084797,94134.242309,717091.569648,44.0,40.725455,10.40574,18,61,kernels-pc,kernels-1
KERNELS,USTAR,341.75,334.128636,33.30502,0.0,384.0,229.434436,242.418979,35.257727,181.057143,345.909091,377.0,376.952727,12.475619,347.0,420.0,0.0,48.060909,81.526702,0.0,205.0,162.711203,146.598002,41.664414,60.384375,200.156969,47.0,43.317273,9.468797,22,66,1.1,1.139909,0.059134,0.7,1.2,0.938149,0.947236,0.116872,0.66087,1.232353,1.3,1.295818,0.020026,1.2,1.3,0.0,0.062818,0.176842,0.0,1.1,0.472857,0.42454,0.146503,0.068404,0.618982,47.0,43.317273,9.468797,22,66,1588354.0,1579208.52,24037.211132,1523012.0,1712216.0,1417192.189702,1411380.074107,75608.095184,1174707.777778,1673775.529412,1775284.0,1770144.014545,25827.717221,1588872.0,1786716.0,107794.0,175475.145455,228051.49214,10400.0,1559032.0,473850.478119,465456.2109,143358.537799,94134.242309,726851.302851,44.0,40.160909,10.939761,17,61,kernels-pc,kernels-1
KERNELS,ZOM,341.25,334.053182,33.318706,0.0,384.0,229.434436,242.300109,35.109706,181.057143,344.727273,377.0,376.896364,12.533928,347.0,420.0,0.0,47.885455,81.422105,0.0,205.0,162.711203,146.671816,41.583449,60.384375,200.156969,47.0,43.318182,9.42441,22,67,1.1,1.140091,0.058701,0.7,1.2,0.938298,0.947637,0.116632,0.66087,1.232353,1.3,1.295636,0.020438,1.2,1.3,0.0,0.062818,0.176842,0.0,1.1,0.472513,0.424148,0.146452,0.068404,0.618982,47.0,43.318182,9.42441,22,67,1588350.0,1579047.938182,23877.932799,1523012.0,1712216.0,1417192.189702,1411549.779205,75410.560279,1174707.777778,1673775.529412,1775284.0,1769806.56,26957.653533,1588864.0,1786716.0,107790.0,175386.64,228096.62249,10400.0,1559032.0,473500.746439,465104.382689,143193.556769,94134.242309,726851.302851,44.0,40.171818,10.90402,17,62,kernels-pc,kernels-1
SERIAL,P0_READ_INPUT,302.0,215.662727,142.746737,0.0,351.0,209.267857,205.745844,51.022988,94.58209,296.382353,376.0,375.981818,13.266692,342.0,420.0,0.0,0.02,0.169461,0.0,2.0,167.252837,152.022882,33.482032,86.369474,198.645894,66.0,61.169091,8.00151,42,75,1.1,1.100091,0.003015,1.1,1.2,0.907576,0.951855,0.069422,0.871642,1.130612,1.3,1.292727,0.025981,1.2,1.3,0.0,0.008636,0.051439,0.0,0.5,0.456974,0.40496,0.080029,0.143184,0.480784,66.0,61.169091,8.00151,42,75,1538132.0,1540272.48,9083.632019,1518560.0,1587628.0,1344235.464833,1367913.79125,50923.129626,1298224.967742,1547618.122449,1775252.0,1764402.923636,40484.862307,1588388.0,1786716.0,10720.0,31161.447273,83802.580095,10080.0,771088.0,508498.988156,471107.954959,72153.338093,172072.614319,554022.676775,61.0,58.166364,6.021085,42,71,kernels-pc,kernels-1
SERIAL,P5_COPY_HOST,342.0,336.135455,32.507398,0.0,384.0,229.524706,245.593172,37.389415,181.057143,352.333333,381.0,379.055455,11.380491,355.0,429.0,0.0,49.978182,82.622151,0.0,205.0,162.711203,145.395945,42.583228,53.384722,200.156969,48.0,44.278182,11.171216,21,73,1.1,1.136909,0.06873,0.65,1.2,0.925557,0.936851,0.118799,0.640909,1.232353,1.3,1.3,0.0,1.3,1.3,0.0,0.062818,0.176842,0.0,1.1,0.475208,0.436017,0.144843,0.068404,0.621787,48.0,44.278182,11.171216,21,73,1588412.0,1580840.269091,25263.834193,1524540.0,1719652.0,1416309.853821,1406138.617174,79992.797544,1159987.764706,1673775.529412,1775348.0,1775822.850909,1687.819366,1773624.0,1787404.0,107804.0,176445.574545,227553.523465,10400.0,1559032.0,494210.726271,475016.371047,144963.386683,94134.242309,744813.001624,44.0,40.780909,12.227455,16,68,kernels-pc,kernels-1
SERIAL,P6_SAVE_PRODS,345.0,341.489545,31.968544,0.0,412.0,233.794375,255.813817,45.488162,181.057143,386.863636,386.0,382.683636,10.058786,357.0,429.0,0.0,64.345455,94.636735,0.0,368.0,162.530117,138.855277,49.544852,8.483933,200.156969,46.0,43.793636,13.70388,18,76,1.1,1.104455,0.160536,0.25,1.2,0.912214,0.896417,0.121493,0.555556,1.232353,1.3,1.3,0.0,1.3,1.3,0.0,0.032273,0.138707,0.0,1.1,0.486188,0.477646,0.117217,0.068404,0.624584,46.0,43.793636,13.70388,18,76,1588612.0,1584326.716364,40838.420763,1272540.0,1777488.0,1399422.12973,1378957.37736,90480.847708,1038281.142857,1673775.529412,1775352.0,1775825.323636,1688.07868,1773624.0,1787404.0,107768.0,143725.363636,176548.322495,10400.0,1559032.0,508866.022573,516228.823592,130441.205713,94134.242309,769489.732674,41.0,39.559091,14.284423,13,76,kernels-pc,kernels-1
