STRATEGY,PHASE,TIMESTAMP_count,TIMESTAMP_median,TIMESTAMP_mean,TIMESTAMP_std,TIMESTAMP_min,TIMESTAMP_max,strategy,algorithm
SERIAL,P0_READ_INPUT,1100,806.281128,806.000822,6.923304,785.912781,842.592896,kernels-pc,kernels-1
KERNELS,RAD_REF,1100,4.727808,4.72823,0.00384,4.72064,4.780032,kernels-pc,kernels-1
KERNELS,ALB_NDVI_LAI_PAI_E,1100,4.779008,4.780104,0.012511,4.769792,5.05136,kernels-pc,kernels-1
KERNELS,SURFACE_TEMP_SHORT_WAVE,1100,1.164288,1.165201,0.004349,1.160192,1.229824,kernels-pc,kernels-1
KERNELS,LARGE_WAVES,1100,1.129472,1.129719,0.002158,1.125184,1.16736,kernels-pc,kernels-1
KERNELS,NET_RADIATION_SOIL_HEAT,1100,1.82048,1.820622,0.002736,1.818496,1.865728,kernels-pc,kernels-1
KERNELS,P1_INITIAL_PROD,1100,13.668352,13.671273,0.019375,13.652992,13.949952,kernels-pc,kernels-1
KERNELS,PIXEL_FILTER,1100,14.655488,14.872911,0.493225,14.476032,18.066433,kernels-pc,kernels-1
KERNELS,P2_PIXEL_SEL,1100,18.113537,18.348178,0.513337,17.948383,21.512192,kernels-pc,kernels-1
KERNELS,ZOM,1100,0.689184,0.689182,0.002908,0.672768,0.699616,kernels-pc,kernels-1
KERNELS,USTAR,1100,0.545792,0.54627,0.002291,0.541696,0.587776,kernels-pc,kernels-1
KERNELS,RAH_INI,1100,0.495904,0.496332,0.001967,0.493408,0.53248,kernels-pc,kernels-1
KERNELS,RAH_CYCLE,1100,4.650608,4.663192,0.08357,4.603584,5.101472,kernels-pc,kernels-1
KERNELS,SENSIBLE_HEAT_FLUX,1100,0.820848,0.821622,0.003461,0.817376,0.850208,kernels-pc,kernels-1
KERNELS,P3_RAH,1100,7.865488,7.885186,0.094353,7.805696,8.661216,kernels-pc,kernels-1
KERNELS,LATENT_HEAT_FLUX,1100,0.878784,0.879327,0.002307,0.876544,0.92672,kernels-pc,kernels-1
KERNELS,NET_RADIATION_24H,1100,0.493408,0.493437,0.002327,0.489152,0.537472,kernels-pc,kernels-1
KERNELS,EVAPOTRANSPIRATION_24H,1100,1.33632,1.3364,0.001587,1.333152,1.359872,kernels-pc,kernels-1
KERNELS,P4_FINAL_PROD,1100,2.733056,2.734053,0.005542,2.725888,2.813952,kernels-pc,kernels-1
SERIAL,P5_COPY_HOST,1100,61.391748,61.509739,0.621548,60.082405,64.742989,kernels-pc,kernels-1
SERIAL,P6_SAVE_PRODS,1100,57.537444,57.537601,1.461253,55.005377,59.99843,kernels-pc,kernels-1
KERNELS,P_TOTAL,1100,1176.375,1180.076173,43.341825,1106.41,2156.42,kernels-pc,kernels-1
