STRATEGY,PHASE,CPU_USAGE_PERCENTAGE_median_median,CPU_USAGE_PERCENTAGE_median_mean,CPU_USAGE_PERCENTAGE_median_std,CPU_USAGE_PERCENTAGE_median_min,CPU_USAGE_PERCENTAGE_median_max,CPU_USAGE_PERCENTAGE_mean_median,CPU_USAGE_PERCENTAGE_mean_mean,CPU_USAGE_PERCENTAGE_mean_std,CPU_USAGE_PERCENTAGE_mean_min,CPU_USAGE_PERCENTAGE_mean_max,CPU_USAGE_PERCENTAGE_max_median,CPU_USAGE_PERCENTAGE_max_mean,CPU_USAGE_PERCENTAGE_max_std,CPU_USAGE_PERCENTAGE_max_min,CPU_USAGE_PERCENTAGE_max_max,CPU_USAGE_PERCENTAGE_min_median,CPU_USAGE_PERCENTAGE_min_mean,CPU_USAGE_PERCENTAGE_min_std,CPU_USAGE_PERCENTAGE_min_min,CPU_USAGE_PERCENTAGE_min_max,CPU_USAGE_PERCENTAGE_std_median,CPU_USAGE_PERCENTAGE_std_mean,CPU_USAGE_PERCENTAGE_std_std,CPU_USAGE_PERCENTAGE_std_min,CPU_USAGE_PERCENTAGE_std_max,CPU_USAGE_PERCENTAGE_count_median,CPU_USAGE_PERCENTAGE_count_mean,CPU_USAGE_PERCENTAGE_count_std,CPU_USAGE_PERCENTAGE_count_min,CPU_USAGE_PERCENTAGE_count_max,MEM_USAGE_PERCENTAGE_median_median,MEM_USAGE_PERCENTAGE_median_mean,MEM_USAGE_PERCENTAGE_median_std,MEM_USAGE_PERCENTAGE_median_min,MEM_USAGE_PERCENTAGE_median_max,MEM_USAGE_PERCENTAGE_mean_median,MEM_USAGE_PERCENTAGE_mean_mean,MEM_USAGE_PERCENTAGE_mean_std,MEM_USAGE_PERCENTAGE_mean_min,MEM_USAGE_PERCENTAGE_mean_max,MEM_USAGE_PERCENTAGE_max_median,MEM_USAGE_PERCENTAGE_max_mean,MEM_USAGE_PERCENTAGE_max_std,MEM_USAGE_PERCENTAGE_max_min,MEM_USAGE_PERCENTAGE_max_max,MEM_USAGE_PERCENTAGE_min_median,MEM_USAGE_PERCENTAGE_min_mean,MEM_USAGE_PERCENTAGE_min_std,MEM_USAGE_PERCENTAGE_min_min,MEM_USAGE_PERCENTAGE_min_max,MEM_USAGE_PERCENTAGE_std_median,MEM_USAGE_PERCENTAGE_std_mean,MEM_USAGE_PERCENTAGE_std_std,MEM_USAGE_PERCENTAGE_std_min,MEM_USAGE_PERCENTAGE_std_max,MEM_USAGE_PERCENTAGE_count_median,MEM_USAGE_PERCENTAGE_count_mean,MEM_USAGE_PERCENTAGE_count_std,MEM_USAGE_PERCENTAGE_count_min,MEM_USAGE_PERCENTAGE_count_max,MEM_USAGE_MB_median_median,MEM_USAGE_MB_median_mean,MEM_USAGE_MB_median_std,MEM_USAGE_MB_median_min,MEM_USAGE_MB_median_max,MEM_USAGE_MB_mean_median,MEM_USAGE_MB_mean_mean,MEM_USAGE_MB_mean_std,MEM_USAGE_MB_mean_min,MEM_USAGE_MB_mean_max,MEM_USAGE_MB_max_median,MEM_USAGE_MB_max_mean,MEM_USAGE_MB_max_std,MEM_USAGE_MB_max_min,MEM_USAGE_MB_max_max,MEM_USAGE_MB_min_median,MEM_USAGE_MB_min_mean,MEM_USAGE_MB_min_std,MEM_USAGE_MB_min_min,MEM_USAGE_MB_min_max,MEM_USAGE_MB_std_median,MEM_USAGE_MB_std_mean,MEM_USAGE_MB_std_std,MEM_USAGE_MB_std_min,MEM_USAGE_MB_std_max,MEM_USAGE_MB_count_median,MEM_USAGE_MB_count_mean,MEM_USAGE_MB_count_std,MEM_USAGE_MB_count_min,MEM_USAGE_MB_count_max,strategy,algorithm
KERNELS,ALB_NDVI_LAI_PAI_E,144.0,183.295455,48.245486,131.5,282.0,173.739497,176.989861,19.536573,144.790323,246.904762,262.0,257.290909,19.477499,213.0,311.0,117.0,82.525455,59.866019,0.0,156.0,58.80865,69.745392,27.678498,35.43414,121.173217,52.0,49.063636,13.913209,21,86,1.2,1.163318,0.053345,1.1,1.3,1.065955,1.080392,0.06504,0.9,1.281081,1.3,1.293273,0.025061,1.2,1.3,0.0,0.351091,0.503553,0.0,1.2,0.348361,0.287387,0.168537,0.039706,0.552856,52.0,49.063636,13.913209,21,86,1585042.0,1585302.187273,37294.095143,1537320.0,1771936.0,1462124.139574,1476591.581564,89326.697223,1246212.0,1740424.648649,1771368.0,1761137.901818,37615.514158,1585372,1772124,103976.0,542569.952727,632478.35663,103044,1585568,449126.725921,365303.879249,220963.103242,39615.784087,711125.264901,52.0,49.063636,13.913209,21,86,kernels-streams-async,kernels-1
KERNELS,EVAPOTRANSPIRATION_24H,144.0,185.359091,50.584767,131.5,282.0,174.773504,179.684939,23.074753,144.790323,256.631579,263.0,257.891818,19.874129,213.0,311.0,118.5,87.387273,58.669003,0.0,156.0,57.529491,68.155801,27.240018,35.43414,121.173217,50.0,47.472727,14.442323,17,65,1.2,1.168545,0.054853,1.1,1.3,1.0625,1.073171,0.071718,0.844444,1.281081,1.3,1.296273,0.018952,1.2,1.3,0.0,0.318091,0.48922,0.0,1.2,0.358283,0.30402,0.169878,0.039706,0.593318,50.0,47.472727,14.442323,17,65,1585164.0,1591071.394545,42886.436625,1541464.0,1771936.0,1457593.143077,1467286.929812,97178.562879,1186823.777778,1740424.648649,1771392.0,1766642.774545,22049.304056,1596288,1772124,103948.0,501778.221818,615363.366265,103044,1585568,461068.63864,387271.360052,222512.760251,39615.784087,763583.485632,50.0,47.472727,14.442323,17,65,kernels-streams-async,kernels-1
KERNELS,LARGE_WAVES_RADIATION,144.0,183.581818,48.581607,131.5,282.0,173.760611,177.311753,20.030657,144.790323,246.904762,262.0,257.31,19.485542,213.0,311.0,117.0,83.288182,59.70028,0.0,156.0,58.712846,69.52931,27.620252,35.43414,121.173217,52.0,48.740909,13.84199,21,65,1.2,1.164,0.053405,1.1,1.3,1.065517,1.079608,0.065859,0.9,1.281081,1.3,1.293364,0.024903,1.2,1.3,0.0,0.350091,0.503157,0.0,1.2,0.349893,0.288996,0.169351,0.039706,0.559889,52.0,48.740909,13.84199,21,65,1585060.0,1586078.114545,37985.824025,1538012.0,1771936.0,1460888.9161,1475559.388574,90339.829823,1246212.0,1740424.648649,1771368.0,1761306.774545,37242.034725,1585372,1772124,103974.0,541336.48,632009.085192,103044,1585568,450862.833816,367392.317794,222031.969487,39615.784087,715380.943772,52.0,48.740909,13.84199,21,65,kernels-streams-async,kernels-1
KERNELS,LATENT_HEAT_FLUX,144.0,185.312273,50.525523,131.5,282.0,174.773504,179.624987,22.964026,144.790323,256.631579,263.0,257.891818,19.874129,213.0,311.0,118.0,87.257273,58.704083,0.0,156.0,57.536623,68.200154,27.249905,35.43414,121.173217,50.0,47.53,14.45422,17,82,1.2,1.168364,0.054748,1.1,1.3,1.062623,1.073329,0.071528,0.844444,1.281081,1.3,1.296273,0.018952,1.2,1.3,0.0,0.318091,0.48922,0.0,1.2,0.358276,0.30377,0.169706,0.039706,0.593318,50.0,47.53,14.45422,17,82,1585160.0,1590900.630909,42680.623694,1541464.0,1771936.0,1457710.050984,1467491.391831,96948.392164,1186823.777778,1740424.648649,1771392.0,1766642.774545,22049.304056,1596288,1772124,103948.0,501778.221818,615363.366265,103044,1585568,460679.870887,386943.606416,222277.922196,39615.784087,763583.485632,50.0,47.53,14.45422,17,82,kernels-streams-async,kernels-1
KERNELS,NET_RADIATION,144.0,183.605,48.595896,131.5,282.0,173.84127,177.363325,20.023058,144.790323,246.904762,262.0,257.366364,19.523192,213.0,311.0,117.0,83.288182,59.70028,0.0,156.0,58.712846,69.521366,27.611951,35.43414,121.173217,52.0,48.795455,13.938542,21,84,1.2,1.164,0.053405,1.1,1.3,1.065517,1.079465,0.065817,0.9,1.281081,1.3,1.293636,0.024422,1.2,1.3,0.0,0.347091,0.501953,0.0,1.2,0.349893,0.289656,0.168864,0.039706,0.559889,52.0,48.795455,13.938542,21,84,1585060.0,1586098.187273,37962.860359,1538772.0,1771936.0,1460888.9161,1475376.204505,90285.969541,1246212.0,1740424.648649,1771368.0,1761813.392727,36095.304412,1585412,1772124,103972.0,537634.316364,630581.44384,103044,1585568,450862.833816,368279.884322,221377.273667,39615.784087,715380.943772,52.0,48.795455,13.938542,21,84,kernels-streams-async,kernels-1
KERNELS,NET_RADIATION_24H,144.0,185.359091,50.584767,131.5,282.0,174.773504,179.684939,23.074753,144.790323,256.631579,263.0,257.891818,19.874129,213.0,311.0,118.5,87.387273,58.669003,0.0,156.0,57.529491,68.155801,27.240018,35.43414,121.173217,50.0,47.472727,14.442323,17,65,1.2,1.168545,0.054853,1.1,1.3,1.0625,1.073171,0.071718,0.844444,1.281081,1.3,1.296273,0.018952,1.2,1.3,0.0,0.318091,0.48922,0.0,1.2,0.358283,0.30402,0.169878,0.039706,0.593318,50.0,47.472727,14.442323,17,65,1585164.0,1591071.394545,42886.436625,1541464.0,1771936.0,1457593.143077,1467286.929812,97178.562879,1186823.777778,1740424.648649,1771392.0,1766642.774545,22049.304056,1596288,1772124,103948.0,501778.221818,615363.366265,103044,1585568,461068.63864,387271.360052,222512.760251,39615.784087,763583.485632,50.0,47.472727,14.442323,17,65,kernels-streams-async,kernels-1
KERNELS,P1_INITIAL_PROD,144.0,183.231364,48.145441,131.5,282.0,173.84127,176.96086,19.348602,144.790323,246.904762,262.0,257.366364,19.523192,213.0,311.0,117.0,82.27,59.917845,0.0,156.0,58.817165,69.802445,27.686152,35.43414,121.173217,52.0,49.251818,14.068183,21,86,1.2,1.163045,0.053242,1.1,1.3,1.06607,1.080431,0.064766,0.9,1.281081,1.3,1.293636,0.024422,1.2,1.3,0.0,0.347091,0.501953,0.0,1.2,0.347799,0.287812,0.167585,0.039706,0.552856,52.0,49.251818,14.068183,21,86,1585038.0,1585064.441818,36994.117869,1538772.0,1771936.0,1462317.654521,1476638.530338,89001.17045,1246212.0,1740424.648649,1771368.0,1761813.392727,36095.304412,1585412,1772124,103972.0,537634.316364,630581.44384,103044,1585568,448302.059727,365894.7059,219697.643382,39615.784087,711125.264901,52.0,49.251818,14.068183,21,86,kernels-streams-async,kernels-1
KERNELS,P2_PIXEL_SEL,144.0,183.882727,48.853473,131.5,282.0,174.376518,177.823201,20.260121,144.790323,246.904762,263.0,257.670909,19.715097,213.0,311.0,117.5,83.672727,59.61655,0.0,156.0,58.608965,69.362744,27.538322,35.43414,121.173217,52.0,48.931818,14.439982,20,86,1.2,1.164318,0.053384,1.1,1.3,1.065153,1.078222,0.066188,0.895,1.281081,1.3,1.295182,0.021425,1.2,1.3,0.0,0.330091,0.494735,0.0,1.2,0.350705,0.294125,0.166599,0.039706,0.569834,52.0,48.931818,14.439982,20,86,1585072.0,1586615.569091,38179.786741,1540372.0,1771936.0,1460725.355327,1473774.727432,90684.866314,1237989.8,1740424.648649,1771382.0,1764682.192727,28583.871376,1585732,1772124,103956.0,516631.258182,621980.084648,103044,1585568,451433.695721,374270.612294,218288.581777,39615.784087,730944.988147,52.0,48.931818,14.439982,20,86,kernels-streams-async,kernels-1
KERNELS,P3_RAH,144.0,184.783182,49.8837,131.5,282.0,174.751803,178.960418,21.830605,144.790323,253.315789,263.0,257.872727,19.858145,213.0,311.0,118.0,85.842727,59.084275,0.0,156.0,57.953922,68.673441,27.347819,35.43414,121.173217,50.0,48.141818,14.538827,18,84,1.2,1.166727,0.05419,1.1,1.3,1.063397,1.075166,0.069195,0.863158,1.281081,1.3,1.296182,0.019172,1.2,1.3,0.0,0.319091,0.489693,0.0,1.2,0.355379,0.300759,0.167804,0.039706,0.587093,50.0,48.141818,14.538827,18,84,1585114.0,1589190.26,40839.388251,1541464.0,1771936.0,1458727.700175,1469836.036632,94241.227882,1203611.157895,1740424.648649,1771392.0,1766474.629091,22709.095943,1586344,1772124,103950.0,503016.403636,615931.654223,103044,1585568,457978.945342,383011.834724,219778.063098,39615.784087,751431.740141,50.0,48.141818,14.538827,18,84,kernels-streams-async,kernels-1
KERNELS,P4_FINAL_PROD,144.0,185.312273,50.525523,131.5,282.0,174.773504,179.624987,22.964026,144.790323,256.631579,263.0,257.891818,19.874129,213.0,311.0,118.0,87.257273,58.704083,0.0,156.0,57.536623,68.200154,27.249905,35.43414,121.173217,50.0,47.53,14.45422,17,82,1.2,1.168364,0.054748,1.1,1.3,1.062623,1.073329,0.071528,0.844444,1.281081,1.3,1.296273,0.018952,1.2,1.3,0.0,0.318091,0.48922,0.0,1.2,0.358276,0.30377,0.169706,0.039706,0.593318,50.0,47.53,14.45422,17,82,1585160.0,1590900.630909,42680.623694,1541464.0,1771936.0,1457710.050984,1467491.391831,96948.392164,1186823.777778,1740424.648649,1771392.0,1766642.774545,22049.304056,1596288,1772124,103948.0,501778.221818,615363.366265,103044,1585568,460679.870887,386943.606416,222277.922196,39615.784087,763583.485632,50.0,47.53,14.45422,17,82,kernels-streams-async,kernels-1
KERNELS,PIXEL_FILTER,144.0,183.855455,48.835554,131.5,282.0,174.257661,177.768328,20.265229,144.790323,246.904762,263.0,257.615455,19.674197,213.0,311.0,117.5,83.672727,59.61655,0.0,156.0,58.608965,69.36981,27.546138,35.43414,121.173217,52.0,48.879091,14.353997,20,86,1.2,1.164318,0.053384,1.1,1.3,1.065153,1.078364,0.066235,0.895,1.281081,1.3,1.294909,0.021991,1.2,1.3,0.0,0.333091,0.496059,0.0,1.2,0.350705,0.293466,0.167107,0.039706,0.569834,52.0,48.879091,14.353997,20,86,1585072.0,1586597.532727,38199.622548,1540220.0,1771936.0,1460725.355327,1473958.912119,90745.874484,1237989.8,1740424.648649,1771380.0,1764176.156364,30065.98157,1585640,1772124,103962.0,520343.36,623566.446337,103044,1585568,451433.695721,373377.474341,218981.601766,39615.784087,730944.988147,52.0,48.879091,14.353997,20,86,kernels-streams-async,kernels-1
KERNELS,P_TOTAL,169.5,156.730455,56.60491,0.0,230.0,147.161159,143.370881,11.985722,105.865385,163.369369,267.5,261.151818,22.657309,213.0,311.0,0.0,0.010909,0.120165,0.0,2.0,95.198487,90.919744,28.494921,43.628926,136.915628,106.0,107.483636,4.254282,100,141,1.1,1.1,0.0,1.1,1.1,1.007477,1.009842,0.012142,0.979412,1.073109,1.3,1.3,0.0,1.3,1.3,0.0,0.0,0.0,0.0,0.0,0.337447,0.336831,0.009758,0.282159,0.36144,106.0,107.483636,4.254282,100,141,1520204.0,1521386.025455,5107.222917,1508168.0,1545776.0,1386429.659838,1389997.756616,16103.855544,1348037.764706,1472151.462185,1771416.0,1771396.52,261.262349,1770680,1772124,10720.0,16378.254545,19752.012315,10240,104316,435740.417341,434604.707465,12952.647985,361221.307458,469377.420136,106.0,107.483636,4.254282,100,141,kernels-streams-async,kernels-1
KERNELS,RAD_REF,144.0,183.164545,48.10485,131.5,282.0,173.632812,176.803909,19.383339,144.790323,246.904762,262.0,257.2,19.423867,213.0,311.0,117.0,82.27,59.917845,0.0,156.0,58.817165,69.829461,27.713757,35.43414,121.173217,52.0,49.078182,13.764141,21,84,1.2,1.163045,0.053242,1.1,1.3,1.06607,1.080828,0.064878,0.9,1.281081,1.3,1.292818,0.02583,1.2,1.3,0.0,0.356091,0.505501,0.0,1.2,0.347799,0.285852,0.169033,0.039706,0.552856,52.0,49.078182,13.764141,21,84,1585038.0,1584989.46,37080.644107,1535404.0,1771936.0,1462317.654521,1477155.931774,89151.363792,1246212.0,1740424.648649,1771364.0,1760292.374545,39420.063498,1585036,1772124,103984.0,548732.16,634778.128728,103044,1585568,448302.059727,363262.706163,221631.166292,39615.784087,711125.264901,52.0,49.078182,13.764141,21,84,kernels-streams-async,kernels-1
KERNELS,RAH_CYCLE,144.0,184.972273,50.115012,131.5,282.0,174.751803,179.182241,22.213849,144.790323,255.736842,263.0,257.872727,19.858145,213.0,311.0,118.0,86.357273,58.950409,0.0,156.0,57.771313,68.516295,27.311014,35.43414,121.173217,50.0,47.911818,14.501496,18,83,1.2,1.167273,0.054312,1.1,1.3,1.06306,1.074504,0.070108,0.844444,1.281081,1.3,1.296182,0.019172,1.2,1.3,0.0,0.319091,0.489693,0.0,1.2,0.356765,0.301782,0.168575,0.039706,0.593318,50.0,47.911818,14.501496,18,83,1585124.0,1589778.552727,41427.083933,1541464.0,1771936.0,1458381.124122,1468989.534836,95304.120702,1186823.777778,1740424.648649,1771392.0,1766474.629091,22709.095943,1586344,1772124,103950.0,503016.403636,615931.654223,103044,1585568,458397.104974,384342.298263,220792.836754,39615.784087,763583.485632,50.0,47.911818,14.501496,18,83,kernels-streams-async,kernels-1
KERNELS,RAH_INI,144.0,184.813636,49.954791,131.5,282.0,174.508547,178.940477,22.024029,144.790323,253.315789,263.0,257.740909,19.766129,213.0,311.0,118.0,86.097273,59.015371,0.0,156.0,57.87268,68.612119,27.348132,35.43414,121.173217,50.0,47.904545,14.311527,18,82,1.2,1.167045,0.054321,1.1,1.3,1.063299,1.07519,0.06973,0.863158,1.281081,1.3,1.295545,0.02064,1.2,1.3,0.0,0.326091,0.492936,0.0,1.2,0.356398,0.299715,0.169415,0.039706,0.587093,50.0,47.904545,14.311527,18,82,1585124.0,1589439.423636,41179.320674,1540372.0,1771936.0,1458497.553282,1469859.601351,94905.066706,1203611.157895,1740424.648649,1771388.0,1765332.52,26622.940117,1585732,1772124,103956.0,511681.665455,619823.246986,103044,1585568,458023.00069,381570.977374,221959.030193,39615.784087,751431.740141,50.0,47.904545,14.311527,18,82,kernels-streams-async,kernels-1
KERNELS,SENSIBLE_HEAT_FLUX,144.0,185.303636,50.519801,131.5,282.0,174.751803,179.606907,22.964342,144.790323,256.631579,263.0,257.872727,19.858145,213.0,311.0,118.0,87.257273,58.704083,0.0,156.0,57.536623,68.202544,27.252692,35.43414,121.173217,50.0,47.512727,14.424313,17,65,1.2,1.168364,0.054748,1.1,1.3,1.062623,1.073377,0.071546,0.844444,1.281081,1.3,1.296182,0.019172,1.2,1.3,0.0,0.319091,0.489693,0.0,1.2,0.358276,0.303554,0.169885,0.039706,0.593318,50.0,47.512727,14.424313,17,65,1585160.0,1590894.958182,42686.667415,1541464.0,1771936.0,1457710.050984,1467553.054979,96971.986904,1186823.777778,1740424.648649,1771392.0,1766474.629091,22709.095943,1586344,1772124,103950.0,503016.403636,615931.654223,103044,1585568,460679.870887,386647.314785,222522.891096,39615.784087,763583.485632,50.0,47.512727,14.424313,17,65,kernels-streams-async,kernels-1
KERNELS,SOIL_HEAT_FLUX,144.0,183.746364,48.770486,131.5,282.0,173.84127,177.526671,20.318326,144.790323,246.904762,262.0,257.366364,19.523192,213.0,311.0,117.5,83.672727,59.61655,0.0,156.0,58.608965,69.406967,27.585401,35.43414,121.173217,52.0,48.622727,13.901788,20,65,1.2,1.164318,0.053384,1.1,1.3,1.065153,1.079013,0.066437,0.895,1.281081,1.3,1.293636,0.024422,1.2,1.3,0.0,0.347091,0.501953,0.0,1.2,0.350705,0.290394,0.169436,0.039706,0.569834,52.0,48.622727,13.901788,20,65,1585072.0,1586497.096364,38310.614361,1538772.0,1771936.0,1460725.355327,1474796.006426,91015.7952,1237989.8,1740424.648649,1771368.0,1761813.392727,36095.304412,1585412,1772124,103972.0,537634.316364,630581.44384,103044,1585568,451433.695721,369236.479322,222127.923989,39615.784087,730944.988147,52.0,48.622727,13.901788,20,65,kernels-streams-async,kernels-1
KERNELS,SURFACE_TEMP_SHORT_WAVE,144.0,183.535,48.528824,131.5,282.0,173.760611,177.258441,19.949272,144.790323,246.904762,262.0,257.31,19.485542,213.0,311.0,117.0,83.161818,59.72935,0.0,156.0,58.724529,69.566066,27.628684,35.43414,121.173217,52.0,48.798182,13.857431,21,84,1.2,1.163909,0.053428,1.1,1.3,1.065517,1.079756,0.065648,0.9,1.281081,1.3,1.293364,0.024903,1.2,1.3,0.0,0.350091,0.503157,0.0,1.2,0.349823,0.288753,0.169153,0.039706,0.552856,52.0,48.798182,13.857431,21,84,1585056.0,1585959.06,37906.243755,1538012.0,1771936.0,1460994.086735,1475754.640566,90079.108431,1246212.0,1740424.648649,1771368.0,1761306.774545,37242.034725,1585372,1772124,103974.0,541336.48,632009.085192,103044,1585568,450781.530405,367082.328439,221783.580015,39615.784087,711125.264901,52.0,48.798182,13.857431,21,84,kernels-streams-async,kernels-1
KERNELS,USTAR,144.0,184.749091,49.886443,131.5,282.0,174.456349,178.848085,21.919865,144.790323,253.315789,263.0,257.706364,19.735885,213.0,311.0,118.0,85.97,59.04997,0.0,156.0,57.93722,68.65965,27.361283,35.43414,121.173217,50.0,47.928182,14.26052,18,81,1.2,1.166864,0.05421,1.1,1.3,1.063333,1.075435,0.06961,0.863158,1.281081,1.3,1.295364,0.021037,1.2,1.3,0.0,0.328091,0.49384,0.0,1.2,0.355894,0.299014,0.169586,0.039706,0.587093,50.0,47.928182,14.26052,18,81,1585122.0,1589273.969091,41018.894252,1540372.0,1771936.0,1458598.820149,1470173.790055,94766.76011,1203611.157895,1740424.648649,1771386.0,1765013.247273,27590.527155,1585732,1772124,103956.0,514156.887273,620907.401138,103044,1585568,457998.303934,380637.472724,222197.455335,39615.784087,751431.740141,50.0,47.928182,14.26052,18,81,kernels-streams-async,kernels-1
KERNELS,ZOM,144.0,184.693636,49.827831,131.5,282.0,174.418498,178.781058,21.850791,144.790323,253.315789,263.0,257.689091,19.725543,213.0,311.0,118.0,85.842727,59.084275,0.0,156.0,57.953922,68.695965,27.372904,35.43414,121.173217,50.0,47.97,14.249436,18,84,1.2,1.166727,0.05419,1.1,1.3,1.063397,1.075651,0.069364,0.863158,1.281081,1.3,1.295273,0.021232,1.2,1.3,0.0,0.329091,0.494289,0.0,1.2,0.355379,0.298555,0.169555,0.039706,0.587093,50.0,47.97,14.249436,18,84,1585114.0,1589127.205455,40906.060854,1540372.0,1771936.0,1458727.700175,1470453.998977,94467.318844,1203611.157895,1740424.648649,1771384.0,1764851.065455,28070.195563,1585732,1772124,103956.0,515394.076364,621445.539321,103044,1585568,457978.945342,380028.814524,222167.627509,39615.784087,751431.740141,50.0,47.97,14.249436,18,84,kernels-streams-async,kernels-1
SERIAL,P0_READ_INPUT,163.0,134.512727,71.044709,0.0,214.0,147.308086,138.365488,17.269658,101.04902,164.361905,262.0,257.166364,19.401335,213.0,311.0,0.0,0.010909,0.120165,0.0,2.0,95.258797,90.26826,27.55497,44.038408,135.352956,105.0,102.815455,6.997175,82,141,1.1,1.1,0.0,1.1,1.1,1.014218,1.023258,0.023186,0.979412,1.10566,1.3,1.292636,0.02613,1.2,1.3,0.0,0.000182,0.004262,0.0,0.1,0.329492,0.309846,0.03569,0.195585,0.360682,105.0,102.815455,6.997175,82,141,1520458.0,1521511.476364,5883.398927,1507404.0,1554016.0,1395864.720036,1407450.077537,30343.044418,1348037.764706,1514425.773585,1771364.0,1759954.338182,40117.355943,1585036,1772124,10720.0,16565.2,21104.06252,10240,249260,425196.983124,399761.83162,46130.354132,249596.606556,465608.850279,105.0,102.815455,6.997175,82,141,kernels-streams-async,kernels-1
SERIAL,P5_COPY_HOST,144.0,185.988636,51.007449,131.5,282.0,177.133681,181.0131,22.924781,144.790323,256.631579,266.0,259.185455,20.845289,213.0,311.0,118.5,87.387273,58.669003,0.0,156.0,57.529491,67.956151,27.006246,35.43414,121.173217,50.0,48.77,16.512295,17,93,1.2,1.168545,0.054853,1.1,1.3,1.0625,1.069477,0.070005,0.844444,1.281081,1.3,1.3,0.0,1.3,1.3,0.0,0.240091,0.443887,0.0,1.2,0.358283,0.320833,0.154851,0.039706,0.593318,50.0,48.77,16.512295,17,93,1585164.0,1591479.830909,42523.913276,1546264.0,1771936.0,1457586.207179,1462495.798245,94846.699875,1186823.777778,1740424.648649,1771412.0,1771394.92,261.115708,1770680,1772124,103918.0,404804.803636,560158.626043,103024,1585568,461068.63864,410040.669904,202017.314264,54256.026235,763583.485632,50.0,48.77,16.512295,17,93,kernels-streams-async,kernels-1
SERIAL,P6_SAVE_PRODS,143.5,189.013182,55.18945,132.0,287.0,182.321521,187.489323,30.909911,141.516923,287.9375,267.5,260.693636,22.20493,213.0,311.0,122.0,100.611091,61.661715,0.0,280.0,54.96755,62.528775,27.301919,4.767949,121.173217,46.0,46.556364,18.486389,14,90,1.2,1.182318,0.059751,1.1,1.3,1.05702,1.040525,0.071579,0.76,1.2525,1.3,1.3,0.0,1.3,1.3,0.0,0.031364,0.155306,0.0,1.1,0.377697,0.386756,0.110838,0.070148,0.617368,46.0,46.556364,18.486389,14,90,1585290.0,1605214.101818,58939.526003,1551272.0,1771936.0,1448313.780338,1424742.775611,94618.159154,1069323.733333,1689719.1,1771416.0,1771396.52,261.262349,1770680,1772124,103824.0,140580.763636,187110.886752,103024,1556328,485719.319308,497287.789292,142585.30732,83024.541888,793182.61475,46.0,46.556364,18.486389,14,90,kernels-streams-async,kernels-1
