STRATEGY,PHASE,TIMESTAMP_count,TIMESTAMP_median,TIMESTAMP_mean,TIMESTAMP_std,TIMESTAMP_min,TIMESTAMP_max,strategy,algorithm
SERIAL,P0_READ_INPUT,1100,1328.461548,1334.028151,28.553711,1310.143799,1874.487549,kernels-streams-async,kernels-1
KERNELS,RAD_REF,1100,3.830784,3.961227,0.179966,3.796224,4.246528,kernels-streams-async,kernels-1
KERNELS,ALB_NDVI_LAI_PAI_E,1100,4.801536,4.832786,0.048124,4.788224,4.931488,kernels-streams-async,kernels-1
KERNELS,SURFACE_TEMP_SHORT_WAVE,1100,1.173504,1.190186,0.026019,1.16816,1.255296,kernels-streams-async,kernels-1
KERNELS,LARGE_WAVES_RADIATION,1100,1.128448,1.128505,0.001891,1.123328,1.145856,kernels-streams-async,kernels-1
KERNELS,NET_RADIATION,1100,1.314816,1.3152,0.002418,1.312768,1.385472,kernels-streams-async,kernels-1
KERNELS,SOIL_HEAT_FLUX,1100,0.835584,0.838468,0.005543,0.832384,0.869376,kernels-streams-async,kernels-1
KERNELS,P1_INITIAL_PROD,1100,13.1328,13.314842,0.256167,13.085408,13.795232,kernels-streams-async,kernels-1
KERNELS,PIXEL_FILTER,1100,14.671872,15.299835,1.206576,14.458016,24.600288,kernels-streams-async,kernels-1
KERNELS,P2_PIXEL_SEL,1100,18.134016,18.79603,1.290926,17.922049,28.874752,kernels-streams-async,kernels-1
KERNELS,ZOM,1100,0.688064,0.692566,0.010719,0.673056,0.727136,kernels-streams-async,kernels-1
KERNELS,USTAR,1100,0.545696,0.553767,0.016918,0.540672,0.592896,kernels-streams-async,kernels-1
KERNELS,RAH_INI,1100,0.494432,0.501685,0.015048,0.491168,0.53632,kernels-streams-async,kernels-1
KERNELS,RAH_CYCLE,1100,4.65448,4.704407,0.115463,4.593216,4.970144,kernels-streams-async,kernels-1
KERNELS,SENSIBLE_HEAT_FLUX,1100,0.820224,0.821492,0.00383,0.816192,0.847392,kernels-streams-async,kernels-1
KERNELS,P3_RAH,1100,7.868416,7.974235,0.448679,7.789696,16.017408,kernels-streams-async,kernels-1
KERNELS,LATENT_HEAT_FLUX,1100,0.878592,0.878936,0.001218,0.876544,0.891904,kernels-streams-async,kernels-1
KERNELS,NET_RADIATION_24H,1100,0.494384,0.502592,0.018723,0.487424,0.557056,kernels-streams-async,kernels-1
KERNELS,EVAPOTRANSPIRATION_24H,1100,1.336064,1.337326,0.003658,1.333248,1.35168,kernels-streams-async,kernels-1
KERNELS,P4_FINAL_PROD,1100,2.733056,2.743337,0.023023,2.722816,2.8528,kernels-streams-async,kernels-1
SERIAL,P5_COPY_HOST,1100,60.603356,60.627389,0.338122,59.816994,64.594292,kernels-streams-async,kernels-1
SERIAL,P6_SAVE_PRODS,1100,57.565095,57.581936,1.469735,55.010412,59.998868,kernels-streams-async,kernels-1
KERNELS,P_TOTAL,1100,1683.56,1748.013455,156.971753,1610.67,2458.53,kernels-streams-async,kernels-1
