STRATEGY,PHASE,CPU_USAGE_PERCENTAGE_median_median,CPU_USAGE_PERCENTAGE_median_mean,CPU_USAGE_PERCENTAGE_median_std,CPU_USAGE_PERCENTAGE_median_min,CPU_USAGE_PERCENTAGE_median_max,CPU_USAGE_PERCENTAGE_mean_median,CPU_USAGE_PERCENTAGE_mean_mean,CPU_USAGE_PERCENTAGE_mean_std,CPU_USAGE_PERCENTAGE_mean_min,CPU_USAGE_PERCENTAGE_mean_max,CPU_USAGE_PERCENTAGE_max_median,CPU_USAGE_PERCENTAGE_max_mean,CPU_USAGE_PERCENTAGE_max_std,CPU_USAGE_PERCENTAGE_max_min,CPU_USAGE_PERCENTAGE_max_max,CPU_USAGE_PERCENTAGE_min_median,CPU_USAGE_PERCENTAGE_min_mean,CPU_USAGE_PERCENTAGE_min_std,CPU_USAGE_PERCENTAGE_min_min,CPU_USAGE_PERCENTAGE_min_max,CPU_USAGE_PERCENTAGE_std_median,CPU_USAGE_PERCENTAGE_std_mean,CPU_USAGE_PERCENTAGE_std_std,CPU_USAGE_PERCENTAGE_std_min,CPU_USAGE_PERCENTAGE_std_max,CPU_USAGE_PERCENTAGE_count_median,CPU_USAGE_PERCENTAGE_count_mean,CPU_USAGE_PERCENTAGE_count_std,CPU_USAGE_PERCENTAGE_count_min,CPU_USAGE_PERCENTAGE_count_max,MEM_USAGE_PERCENTAGE_median_median,MEM_USAGE_PERCENTAGE_median_mean,MEM_USAGE_PERCENTAGE_median_std,MEM_USAGE_PERCENTAGE_median_min,MEM_USAGE_PERCENTAGE_median_max,MEM_USAGE_PERCENTAGE_mean_median,MEM_USAGE_PERCENTAGE_mean_mean,MEM_USAGE_PERCENTAGE_mean_std,MEM_USAGE_PERCENTAGE_mean_min,MEM_USAGE_PERCENTAGE_mean_max,MEM_USAGE_PERCENTAGE_max_median,MEM_USAGE_PERCENTAGE_max_mean,MEM_USAGE_PERCENTAGE_max_std,MEM_USAGE_PERCENTAGE_max_min,MEM_USAGE_PERCENTAGE_max_max,MEM_USAGE_PERCENTAGE_min_median,MEM_USAGE_PERCENTAGE_min_mean,MEM_USAGE_PERCENTAGE_min_std,MEM_USAGE_PERCENTAGE_min_min,MEM_USAGE_PERCENTAGE_min_max,MEM_USAGE_PERCENTAGE_std_median,MEM_USAGE_PERCENTAGE_std_mean,MEM_USAGE_PERCENTAGE_std_std,MEM_USAGE_PERCENTAGE_std_min,MEM_USAGE_PERCENTAGE_std_max,MEM_USAGE_PERCENTAGE_count_median,MEM_USAGE_PERCENTAGE_count_mean,MEM_USAGE_PERCENTAGE_count_std,MEM_USAGE_PERCENTAGE_count_min,MEM_USAGE_PERCENTAGE_count_max,MEM_USAGE_MB_median_median,MEM_USAGE_MB_median_mean,MEM_USAGE_MB_median_std,MEM_USAGE_MB_median_min,MEM_USAGE_MB_median_max,MEM_USAGE_MB_mean_median,MEM_USAGE_MB_mean_mean,MEM_USAGE_MB_mean_std,MEM_USAGE_MB_mean_min,MEM_USAGE_MB_mean_max,MEM_USAGE_MB_max_median,MEM_USAGE_MB_max_mean,MEM_USAGE_MB_max_std,MEM_USAGE_MB_max_min,MEM_USAGE_MB_max_max,MEM_USAGE_MB_min_median,MEM_USAGE_MB_min_mean,MEM_USAGE_MB_min_std,MEM_USAGE_MB_min_min,MEM_USAGE_MB_min_max,MEM_USAGE_MB_std_median,MEM_USAGE_MB_std_mean,MEM_USAGE_MB_std_std,MEM_USAGE_MB_std_min,MEM_USAGE_MB_std_max,MEM_USAGE_MB_count_median,MEM_USAGE_MB_count_mean,MEM_USAGE_MB_count_std,MEM_USAGE_MB_count_min,MEM_USAGE_MB_count_max,strategy,algorithm
SERIAL,ALBEDO,99.85,100.602093,8.213519,87.2,116.5,100.696491,102.198535,9.869413,86.785714,121.381818,116.0,121.939391,15.803135,99.3,149.0,86.3,86.717602,6.749407,75.0,100.0,8.36862,10.165287,3.031202,6.784134,16.092891,56.0,69.076118,24.106073,52,114,2.3,2.285775,0.135435,2.0,2.5,2.270909,2.26909,0.130353,2.0,2.525455,2.6,2.681827,0.192534,2.4,3.0,1.8,1.823597,0.234043,1.4,2.2,0.212502,0.251309,0.091406,0.168641,0.420929,56.0,69.076118,24.106073,52,114,3078400.0,3079523.196955,174116.614642,2711360.0,3392960.0,3060331.636364,3056506.599144,171527.786203,2707074.909091,3393105.454545,3518720.0,3598184.586108,254574.532855,3164800,3985760,2466720.0,2469051.493815,304099.768023,1936000,2991360,277038.899556,328499.077038,121689.784867,219801.873599,554389.186228,56.0,69.076118,24.106073,52,114,serial,kernels-1
SERIAL,EA_EMISSIVITY,100.0,100.1255,6.155992,89.7,112.0,100.474107,100.918806,6.959749,89.505455,114.666667,116.0,114.959182,10.272767,99.5,133.0,89.0,89.496765,5.485094,80.0,100.0,7.394571,7.183317,1.384118,5.459072,10.300763,57.0,79.205519,27.323522,52,115,3.0,2.955186,0.063988,2.8,3.1,2.940351,2.94394,0.094037,2.762963,3.117857,3.4,3.419981,0.257646,3.0,3.9,2.5,2.508468,0.188918,2.2,2.9,0.188225,0.257137,0.10246,0.138534,0.404545,57.0,79.205519,27.323522,52,115,3960320.0,3960831.132255,71373.742424,3737680.0,4126560.0,3941050.181818,3944453.860516,123919.700297,3707001.481481,4171874.285714,4529120.0,4571243.691722,341326.222472,4048480,5154080,3376320.0,3370832.806851,242263.378607,2960960,3876640,244256.9282,336240.560077,135954.237527,175042.290638,530946.204399,57.0,79.205519,27.323522,52,115,serial,kernels-1
SERIAL,ENB_EMISSIVITY,99.85,100.277545,6.435333,89.7,112.0,100.696491,101.21778,7.309056,89.505455,114.666667,116.0,115.676594,9.952595,99.5,133.0,87.7,88.796765,5.866181,80.0,100.0,8.36862,7.931337,1.583838,5.459072,10.300763,56.0,62.033302,17.88625,52,114,2.7,2.714938,0.166549,2.45,3.0,2.708929,2.707881,0.145639,2.422222,2.982143,3.0,3.042341,0.149366,2.7,3.3,2.4,2.358516,0.180083,2.0,2.6,0.190956,0.206177,0.054638,0.157373,0.360789,56.0,62.033302,17.88625,52,114,3608720.0,3642276.384396,217737.12487,3297600.0,3991680.0,3632962.909091,3633784.325233,191365.430899,3258189.62963,3995231.428571,4031680.0,4072631.474786,190657.982056,3689280,4472480,3177760.0,3173064.586108,232050.438809,2723200,3541760,247957.220231,269204.904962,72092.488628,202263.997241,472825.100902,56.0,62.033302,17.88625,52,114,serial,kernels-1
SERIAL,EO_EMISSIVITY,99.85,100.349857,6.395931,89.7,112.0,100.632727,101.260816,7.278746,89.505455,114.666667,116.0,115.356898,10.160619,99.5,133.0,87.8,89.189439,5.587889,80.0,100.0,8.335992,7.728412,1.675479,5.459072,10.300763,56.0,61.676499,17.373269,52,114,2.8,2.788392,0.16849,2.5,3.0,2.776364,2.778553,0.145535,2.5,3.053571,3.1,3.107231,0.166948,2.9,3.5,2.5,2.433111,0.174595,2.1,2.8,0.190684,0.201474,0.054598,0.138534,0.357598,56.0,61.676499,17.373269,52,114,3799120.0,3738989.229305,217533.661284,3372960.0,4045600.0,3724598.899083,3726852.924721,191239.484893,3361681.403509,4090525.714286,4111200.0,4158380.666032,213753.717253,3866240,4676000,3324000.0,3271644.985728,225834.052863,2845120,3734080,247701.82259,262931.46472,72186.919185,175042.290638,468440.19166,56.0,61.676499,17.373269,52,114,serial,kernels-1
SERIAL,EVAPOTRANSPIRATION_24H,99.55,99.87569,2.420494,96.35,105.0,99.725926,99.859305,2.243064,96.225,104.241772,104.0,103.688011,2.489595,99.9,109.0,96.2,96.090771,2.14322,92.3,99.7,2.294499,2.413064,0.284076,2.079547,3.189813,54.0,54.321598,14.52398,28,89,4.5,4.492055,0.097376,4.1,4.8,4.087059,4.115106,0.307174,3.4625,4.6,4.9,4.9,0.0,4.9,4.9,0.3,1.369648,1.66015,0.0,4.4,1.079546,0.960293,0.491428,0.157734,1.657969,54.0,54.321598,14.52398,28,89,5941376.0,5995428.224548,109000.515984,5505044.0,6405908.0,5465079.076923,5486753.75883,421117.25817,4601906.625,6130930.083333,6472044.0,6472028.38059,279.255895,6470892,6472724,437748.0,1842260.605138,2214039.588096,20612,5916760,1440645.271907,1267422.5104,660673.420506,183286.020673,2181293.990501,54.0,54.321598,14.52398,28,89,serial,kernels-1
SERIAL,LAI,99.85,100.119553,6.954531,88.55,114.0,100.696491,101.150792,8.046709,88.166964,117.919643,116.0,117.106375,12.055807,99.6,149.0,87.7,87.616461,7.209819,75.0,100.0,8.36862,8.482327,1.765846,6.286381,13.811562,56.0,74.169363,26.299518,52,114,2.55,2.557802,0.095623,2.35,2.8,2.566364,2.564627,0.107183,2.35,2.774545,3.0,2.968792,0.159453,2.6,3.3,2.2,2.131113,0.217415,1.7,2.5,0.195281,0.250317,0.086249,0.168641,0.391218,56.0,74.169363,26.299518,52,114,3424240.0,3434828.848716,120401.000403,3166880.0,3791680.0,3449205.714286,3445358.321534,141167.793102,3166080.0,3723909.818182,3980000.0,3978711.32255,206492.622343,3505440,4354080,2901280.0,2872813.092293,283789.058314,2355520,3347680,255519.693608,327172.244849,114149.764149,219801.873599,512293.450823,56.0,74.169363,26.299518,52,114,serial,kernels-1
SERIAL,LARGE_WAVES_RADIATION,100.0,100.162226,5.154001,91.4,110.0,100.234234,100.703993,5.718698,91.321429,111.357143,112.0,111.506946,7.531641,99.6,124.0,90.2,91.107326,4.711323,83.3,100.0,5.815532,5.971981,1.03275,4.619728,7.686425,56.0,66.827783,22.732855,51,114,3.45,3.462226,0.201838,3.1,3.8,3.455856,3.459524,0.156282,3.153571,3.751852,3.9,3.837869,0.096278,3.6,3.9,3.0,3.042245,0.146983,2.7,3.3,0.254944,0.26935,0.062983,0.17625,0.397057,56.0,66.827783,22.732855,51,114,4616480.0,4626135.718363,261841.120626,4178800.0,5111600.0,4618335.711712,4623331.861584,206182.74512,4222231.428571,5011883.333333,5210952.0,5126413.423406,124941.31585,4789600,5211856,4029920.0,4073232.959087,190340.631202,3687680,4463200,333344.116241,353278.790737,82841.858845,229448.883349,520335.120266,56.0,66.827783,22.732855,51,114,serial,kernels-1
SERIAL,LATENT_HEAT_FLUX,99.55,99.668126,2.133444,96.0,104.0,99.725926,99.844931,2.257424,95.990909,103.981818,104.0,103.844053,2.639396,99.9,109.0,96.2,96.122169,2.197534,92.3,100.0,2.241157,2.347116,0.201719,2.010515,2.758763,55.0,58.706946,14.039731,40,102,4.4,4.443863,0.059665,4.4,4.6,4.421818,4.290367,0.24453,3.756818,4.6,4.9,4.859087,0.081654,4.6,4.9,2.9,2.46156,1.894143,0.0,4.4,0.413533,0.612372,0.500311,0.04443,1.481548,55.0,58.706946,14.039731,40,102,5916568.0,5945054.544244,50182.445638,5915320.0,6150988.0,5932808.982456,5733415.861132,338287.9877,4999154.727273,6130930.083333,6471908.0,6431829.864891,85496.589536,6106052,6472724,3808724.0,3306211.61941,2535863.289808,20612,5916776,540288.669308,801282.128947,675249.243967,39177.996581,1954751.197178,55.0,58.706946,14.039731,40,102,serial,kernels-1
SERIAL,NDVI,99.85,100.218173,7.820773,87.2,116.5,100.696491,101.492213,9.236836,86.785714,121.381818,116.0,119.24196,14.717083,99.3,149.0,87.7,87.433492,7.009584,75.0,100.0,8.36862,9.257606,2.488368,6.784134,16.092891,55.0,63.710752,20.012569,52,114,2.4,2.413892,0.137519,2.1,2.6,2.402778,2.406646,0.149908,2.1125,2.689474,2.8,2.76803,0.187986,2.5,3.0,2.0,2.015033,0.223399,1.6,2.4,0.195884,0.22452,0.072607,0.168641,0.40527,55.0,63.710752,20.012569,52,114,3276320.0,3244056.479543,176453.503794,2861040.0,3533440.0,3232712.727273,3237649.544586,197629.478278,2850434.285714,3607713.684211,3763840.0,3713482.778306,246189.851256,3341440,4062080,2738720.0,2721515.813511,291087.647861,2198720,3189120,257315.035154,293145.094623,95984.092429,219801.873599,530537.267746,55.0,63.710752,20.012569,52,114,serial,kernels-1
SERIAL,NET_RADIATION,99.9,100.101427,5.116684,91.4,110.0,100.147368,100.609227,5.673195,91.321429,111.357143,109.0,111.010276,7.601998,99.6,124.0,91.8,91.463559,4.636162,83.3,100.0,5.175137,5.732203,1.020667,4.619728,7.686425,55.0,64.646051,21.047618,52,115,3.7,3.633444,0.202454,3.2,3.9,3.571171,3.588274,0.1553,3.281818,3.845455,3.9,3.879163,0.048143,3.7,3.9,3.1,3.170409,0.197049,2.9,3.6,0.251969,0.241007,0.07306,0.09182,0.376781,55.0,64.646051,21.047618,52,115,4894080.0,4849722.658421,261627.55268,4324320.0,5208000.0,4767952.296296,4793062.208124,204574.452534,4386315.636364,5133079.854545,5211200.0,5181520.700285,60788.93174,4976160,5211876,4196480.0,4243049.286394,255772.66227,3909120,4821440,329879.071655,315719.668699,97111.613774,117888.108512,495235.120053,55.0,64.646051,21.047618,52,115,serial,kernels-1
SERIAL,NET_RADIATION_24H,99.55,99.640913,2.167343,96.0,104.0,99.725926,99.830337,2.246214,95.990909,103.981818,104.0,103.783159,2.596861,99.9,109.0,96.2,96.119981,2.188485,92.3,100.0,2.241157,2.375989,0.239139,2.079547,2.950526,55.0,55.381541,12.594405,34,95,4.45,4.469791,0.080701,4.4,4.7,4.245455,4.220284,0.287132,3.655,4.6,4.9,4.882588,0.045892,4.7,4.9,1.5,2.053853,1.885688,0.0,4.4,0.844671,0.759058,0.531148,0.090529,1.565813,55.0,55.381541,12.594405,34,95,5928448.0,5973195.236917,83902.853068,5915320.0,6249000.0,5661173.309091,5633506.641117,396572.226417,4859021.7,6130930.083333,6471972.0,6457648.475737,39607.113889,6290496,6472724,1974680.0,2759614.260704,2521971.766345,20612,5916760,1125320.879764,997105.698258,715329.302197,98341.115524,2070894.378722,55.0,55.381541,12.594405,34,95,serial,kernels-1
SERIAL,P0_READ_INPUT,86.0,87.837155,12.118763,69.5,111.5,74.670833,75.07128,6.185879,63.490291,86.672414,149.0,148.850618,28.930764,99.0,199.0,0.0,0.010466,0.12681,0.0,2.0,45.645972,45.710391,14.169519,23.102968,70.207302,129.0,129.383444,16.03456,100,160,0.9,0.906565,0.092297,0.7,1.0,0.8,0.804767,0.090815,0.646602,0.976433,1.5,1.534824,0.233698,1.1,1.9,0.0,0.0,0.0,0.0,0.0,0.426736,0.432306,0.052554,0.351495,0.535096,129.0,129.383444,16.03456,100,160,1293280.0,1250830.980019,106602.852799,1001120.0,1382560.0,1119745.954198,1125823.236023,119792.757251,914227.572816,1351429.299363,2094080.0,2090689.705043,306608.301248,1490880,2619040,24480.0,24690.999049,2462.58572,14240,40800,560354.804439,567643.398952,69796.640436,460760.917886,703704.059178,129.0,129.383444,16.03456,100,160,serial,kernels-1
SERIAL,P1_INITIAL_PROD,100.0,100.008706,7.202681,88.0,115.0,101.7,102.225596,9.631897,87.415695,121.491071,149.0,148.054139,30.013755,99.7,199.0,75.5,78.095433,11.327984,58.5,100.0,12.55174,13.150142,4.12212,7.28629,22.318,277.0,263.929591,23.987711,215,285,2.5,2.539106,0.12194,2.3,2.9,2.504525,2.501324,0.117588,2.243956,2.735252,3.9,3.9,0.0,3.9,3.9,1.0,0.943292,0.119921,0.7,1.1,0.965189,0.929151,0.069866,0.794358,0.99025,277.0,263.929591,23.987711,215,285,3406960.0,3410940.74215,153839.56148,3057600.0,3872640.0,3363622.394265,3361374.111942,155204.400008,3019967.179487,3669035.482014,5211304.0,5209427.725975,7380.431299,5158080,5211884,1352320.0,1304742.607041,153386.452806,925120,1536480,1271105.603396,1223660.854566,92064.473823,1045376.143941,1304427.744229,277.0,263.929591,23.987711,215,285,serial,kernels-1
SERIAL,P2_PIXEL_SEL,100.0,99.839724,3.879322,93.2,107.0,100.04303,100.140895,4.291174,92.958667,108.347321,109.0,109.617888,6.294795,99.8,124.0,91.8,91.730447,4.811572,83.3,100.0,4.424799,4.509281,0.49752,3.933899,6.130631,169.0,186.198858,26.377903,162,230,3.9,3.9,0.0,3.9,3.9,3.886667,3.886842,0.033017,3.820796,3.950602,4.3,4.177831,0.150407,3.9,4.3,3.4,3.456137,0.262167,3.0,3.9,0.109383,0.144244,0.074563,0.060919,0.275619,169.0,186.198858,26.377903,162,230,5207704.0,5207093.425309,1507.993383,5201154.0,5208480.0,5183623.22807,5182952.960656,43364.19239,5096391.20354,5265492.0,5707276.0,5582856.068506,203281.619329,5210560,5778416,4606560.0,4617639.459562,344178.920497,4081760,5160180,145860.207908,190390.509204,99049.323214,83422.669558,361700.448872,169.0,186.198858,26.377903,162,230,serial,kernels-1
SERIAL,P3_RAH,99.9,99.799191,2.576789,95.35,104.5,99.860896,99.962618,2.819131,95.248746,104.936042,107.0,106.479163,4.181084,99.9,114.0,93.8,94.111323,3.209794,88.8,100.0,2.887155,2.965231,0.266924,2.554303,3.539971,285.0,303.125595,25.776797,275,344,4.4,4.4,0.0,4.4,4.4,4.305614,4.300836,0.052275,4.200597,4.379359,4.9,4.815794,0.132585,4.4,4.9,3.9,2.688107,1.571866,0.0,3.9,0.17911,0.290644,0.158194,0.122172,0.618129,285.0,303.125595,25.776797,275,344,5876128.0,5883508.449096,18082.83703,5857776.0,5916756.0,5761748.875,5753401.014898,71145.968862,5617105.58806,5857006.448399,6471800.0,6379280.901998,155861.959295,5918256,6472676,5174780.0,3574230.983825,2077023.130324,20612,5175764,244832.385896,391089.944949,210215.371479,169943.823717,824145.344615,285.0,303.125595,25.776797,275,344,serial,kernels-1
SERIAL,P4_FINAL_PROD,99.55,99.825595,2.25828,96.35,105.0,99.725926,99.874176,2.253851,96.225,104.241772,104.0,103.844053,2.639396,99.9,109.0,96.2,96.07431,2.130836,92.3,99.7,2.294153,2.373894,0.230663,2.079547,2.818198,56.0,66.364415,18.071747,40,102,4.4,4.443863,0.059665,4.4,4.6,4.144792,4.203868,0.230041,3.756818,4.6,4.9,4.9,0.0,4.9,4.9,0.3,1.369648,1.66015,0.0,4.4,0.994037,0.853376,0.412868,0.157734,1.481548,56.0,66.364415,18.071747,40,102,5916568.0,5945054.544244,50182.445638,5915320.0,6150988.0,5542153.223529,5613004.728696,313217.897462,4999154.727273,6130930.083333,6472044.0,6472028.38059,279.255895,6470892,6472724,437748.0,1842260.605138,2214039.588096,20612,5916760,1327726.679248,1128393.275811,558828.31505,183286.020673,1954751.197178,56.0,66.364415,18.071747,40,102,serial,kernels-1
SERIAL,P6_SAVE_PRODS,99.55,100.208183,2.535037,96.5,106.0,99.726923,99.9853,2.171058,96.159756,104.972727,104.0,103.563463,2.322785,99.5,107.0,96.2,96.100951,2.127019,91.5,99.7,2.299502,2.436342,0.320562,1.496507,3.189813,50.0,47.752617,14.64519,19,82,4.5,4.397859,0.30992,3.0,4.8,3.92381,3.932611,0.369295,2.966667,4.6,4.9,4.9,0.0,4.9,4.9,0.3,0.819125,1.200954,0.0,4.4,1.326643,1.170039,0.431087,0.18931,1.711963,50.0,47.752617,14.64519,19,82,5942088.0,5857156.072312,417174.994947,3964528.0,6405908.0,5217134.133333,5236103.098998,502811.878159,3938966.833333,6130930.083333,6472044.0,6472030.207422,277.80308,6470892,6472724,353076.0,1104468.84491,1588431.027362,20612,5916684,1761270.735068,1547300.90068,573528.157933,220420.766457,2249706.040015,50.0,47.752617,14.64519,19,82,serial,kernels-1
SERIAL,PIXEL_FILTER,100.0,99.851522,4.155568,92.75,108.0,100.04303,100.167099,4.561634,92.519527,109.064671,109.0,109.617697,6.295089,99.8,124.0,91.8,91.730733,4.812046,83.3,100.0,4.424799,4.647837,0.569777,4.124353,6.500313,167.0,157.439581,21.588862,108,173,3.9,3.9,0.0,3.9,3.9,3.866864,3.853278,0.048651,3.746746,3.920588,3.9,3.972312,0.111202,3.9,4.3,3.4,3.456137,0.262167,3.0,3.9,0.097165,0.117491,0.076788,0.0,0.267046,167.0,157.439581,21.588862,108,173,5204590.0,5202210.833492,6818.895484,5183372.0,5208432.0,5155570.248521,5137398.068718,63657.773972,4998059.408284,5225214.0,5212240.0,5305060.886775,141262.200843,5210560,5698216,4606560.0,4617639.459562,344178.920497,4081760,5160180,124172.678709,154604.906506,98395.951767,17433.98631,347803.287571,167.0,157.439581,21.588862,108,173,serial,kernels-1
SERIAL,P_TOTAL,99.45,99.435157,3.880188,92.8,106.0,96.051166,95.956432,4.666097,87.72824,104.08027,149.0,148.855376,28.922656,100.0,199.0,0.0,0.010466,0.12681,0.0,2.0,21.282437,22.366844,5.530352,15.180862,33.78428,733.0,732.516651,5.052907,718,810,3.9,3.9,0.0,3.9,3.9,3.204651,3.204891,0.008297,3.180658,3.312346,4.9,4.9,0.0,4.9,4.9,0.0,0.0,0.0,0.0,0.0,1.374618,1.374611,0.004528,1.355717,1.388024,733.0,732.516651,5.052907,718,810,5196756.0,5196360.568982,3224.935182,5188644.0,5208420.0,4294823.349727,4295212.268582,10976.036126,4263509.486968,4439533.580247,6472044.0,6472030.207422,277.80308,6470892,6472724,24320.0,24515.052331,2533.905477,14240,40800,1818331.659138,1818275.819442,5936.603166,1795731.361981,1835553.783488,733.0,732.516651,5.052907,718,810,serial,kernels-1
SERIAL,RADIANCE,100.0,101.258421,12.528814,82.75,125.0,105.431034,107.132788,17.394539,81.985714,139.107143,149.0,148.046147,30.026671,99.0,199.0,75.5,78.098097,11.333089,58.5,100.0,22.184822,21.250879,7.654452,8.753569,33.350783,56.0,61.41294,16.696643,52,114,1.2,1.197526,0.170583,1.0,1.55,1.238596,1.236105,0.150453,0.987719,1.546429,1.6,1.618078,0.230603,1.2,2.0,1.0,0.943292,0.119921,0.7,1.1,0.207956,0.203867,0.069771,0.103573,0.374017,56.0,61.41294,16.696643,52,114,1599840.0,1648020.171265,221741.471227,1377440.0,2110960.0,1698284.912281,1693705.005177,198792.657446,1365319.298246,2102442.857143,2197440.0,2199639.505233,301357.94037,1682880,2742400,1352320.0,1304742.607041,153386.452806,925120,1536480,269360.261656,266851.285126,92703.233202,136785.267563,492021.243657,56.0,61.41294,16.696643,52,114,serial,kernels-1
SERIAL,RAH_CYCLE,99.9,99.813844,2.569011,95.35,104.5,99.841727,99.950131,2.794846,95.248746,104.936042,106.0,105.978687,4.074118,99.9,114.0,94.5,94.434919,3.177257,88.8,100.0,2.724003,2.867858,0.280165,2.554303,3.539971,281.0,266.474786,24.901025,218,340,4.4,4.4,0.0,4.4,4.4,4.360215,4.350734,0.028823,4.259498,4.400722,4.8,4.738154,0.192774,4.4,4.9,3.9,3.348906,1.221968,0.0,4.3,0.17403,0.195593,0.146233,0.040885,0.661899,281.0,266.474786,24.901025,218,340,5913064.0,5906720.405328,11740.188437,5873224.0,5916884.0,5833417.197183,5822444.035196,39904.950136,5697730.939068,5887460.563177,6438692.0,6292662.747859,220977.204923,5915424,6472656,5175124.0,4454784.601332,1618196.756487,20984,5734216,235949.43613,264595.403941,192900.508715,63024.254933,881187.13482,281.0,266.474786,24.901025,218,340,serial,kernels-1
SERIAL,RAH_INI,99.9,99.864415,3.244223,94.3,106.0,99.907143,100.040772,3.457585,94.232143,106.438596,106.0,106.136632,4.201548,99.8,114.0,94.5,94.396955,3.151778,88.8,100.0,3.278026,3.465339,0.382252,3.076979,4.329265,56.0,63.249286,18.824318,53,115,4.25,4.182873,0.141208,3.9,4.3,4.151724,4.158614,0.091252,3.985185,4.315789,4.3,4.331494,0.046471,4.3,4.4,3.9,3.948525,0.08533,3.9,4.2,0.153489,0.138381,0.043957,0.046953,0.199672,56.0,63.249286,18.824318,53,115,5668904.0,5584583.912464,189954.376434,5207388.0,5770480.0,5541112.857143,5554188.76069,126537.578291,5316524.444444,5762417.333333,5779248.0,5778783.242626,26093.936526,5728764,5825416,5175336.0,5249644.97431,120733.857079,5174360,5588604,205172.34477,185344.734357,59527.351926,43666.633959,263481.174667,56.0,63.249286,18.824318,53,115,serial,kernels-1
SERIAL,REFLECTANCE,100.0,101.020837,10.002866,84.65,120.0,102.601796,104.893288,13.647373,84.385714,130.25,149.0,146.895243,31.166,99.5,199.0,76.0,79.368506,10.09946,64.5,100.0,15.457238,16.71822,6.449222,8.145914,27.583058,112.0,124.190295,23.884283,106,171,1.7,1.71627,0.157727,1.4,2.05,1.721557,1.721167,0.138913,1.448649,2.006422,2.5,2.517602,0.189396,2.2,2.9,1.0,0.990485,0.107193,0.7,1.2,0.446748,0.477785,0.070237,0.406288,0.61838,112.0,124.190295,23.884283,106,171,2329120.0,2328005.937203,205174.89886,1900960.0,2758720.0,2334372.380952,2333914.127423,183137.662959,1973380.900901,2710835.963303,3383520.0,3382131.455756,244629.526117,2970240,3883680,1380320.0,1368400.837298,140122.235636,1044640,1703520,588415.456068,629201.85148,92675.561521,535808.804793,814618.44513,112.0,124.190295,23.884283,106,171,serial,kernels-1
SERIAL,SENSIBLE_HEAT_FLUX,99.6,99.708896,2.146994,96.0,104.0,99.725926,99.871939,2.270019,95.990909,103.981818,104.0,103.892578,2.653508,99.9,109.0,96.0,96.081922,2.186233,92.3,100.0,2.245426,2.336281,0.189013,2.010515,2.758763,56.0,62.9353,17.768447,48,110,4.4,4.421694,0.039102,4.4,4.6,4.421818,4.363344,0.175192,3.813208,4.6,4.9,4.815794,0.132585,4.4,4.9,4.4,2.954424,1.782664,0.0,4.4,0.195327,0.43697,0.417839,0.0,1.437952,56.0,62.9353,17.768447,48,110,5916360.0,5924694.814462,18002.003912,5915320.0,6150988.0,5932808.982456,5838982.766891,240699.430064,5082758.641509,6130930.083333,6471800.0,6379280.901998,155861.959295,5918256,6472676,5915628.0,3967228.224548,2388967.484609,20612,5916884,223974.290997,567392.807181,566081.632099,285.709973,1903408.939406,56.0,62.9353,17.768447,48,110,serial,kernels-1
SERIAL,SHORT_WAVE_RADIATION,99.9,100.067555,5.247294,91.4,110.0,100.403704,100.625593,5.814678,91.321429,111.357143,112.0,111.790485,7.294177,99.6,124.0,90.2,90.539581,5.233558,82.6,100.0,6.4254,6.224759,0.902243,4.619728,7.686425,56.0,68.140818,23.390783,51,114,3.2,3.265557,0.164485,3.0,3.7,3.3,3.303897,0.145995,3.038596,3.609091,3.8,3.743863,0.180918,3.3,3.9,2.9,2.900761,0.173148,2.6,3.2,0.255933,0.266163,0.084747,0.146336,0.423988,56.0,68.140818,23.390783,51,114,4333280.0,4367423.101808,214775.437356,4025440.0,4880000.0,4415006.545455,4418324.798787,192164.463527,4067163.508772,4817303.272727,5089920.0,5001373.320647,236225.671162,4432480,5211840,3937280.0,3886119.733587,227569.494968,3443840,4260640,334975.614136,348569.257985,112307.400031,187908.43441,557681.802713,56.0,68.140818,23.390783,51,114,serial,kernels-1
SERIAL,SOIL_HEAT_FLUX,99.9,99.926356,4.934291,91.4,110.0,100.147368,100.375205,5.434274,91.321429,111.357143,109.0,110.441294,7.323148,99.6,124.0,91.8,91.6451,4.722778,83.3,100.0,5.175137,5.478433,0.809715,4.619728,7.686425,55.0,66.121789,22.108744,52,114,3.8,3.772217,0.137784,3.4,3.9,3.677273,3.695631,0.123614,3.429091,3.883636,3.9,3.9,0.0,3.9,3.9,3.2,3.295338,0.238542,3.0,3.8,0.225819,0.204382,0.090015,0.037335,0.346458,55.0,66.121789,22.108744,52,114,5078480.0,5032092.953378,176832.568076,4534720.0,5211776.0,4911228.571429,4934544.112403,163054.612986,4586621.090909,5181476.8,5211304.0,5209427.725975,7380.431299,5158080,5211884,4338720.0,4407985.385347,315885.81939,3978880,5007200,297962.612641,267181.558204,118835.294478,54495.753493,455921.845747,55.0,66.121789,22.108744,52,114,serial,kernels-1
SERIAL,SURFACE_TEMPERATURE,99.9,99.941246,5.625232,90.6,111.0,100.403704,100.55136,6.277096,90.472973,112.981818,112.0,112.472502,8.433566,99.7,133.0,90.2,90.109229,5.766286,80.0,100.0,6.4254,6.526914,0.952519,5.117032,9.229782,56.0,67.376784,22.689431,51,115,3.1,3.113321,0.117933,2.9,3.4,3.148182,3.148639,0.135326,2.892593,3.430357,3.6,3.592008,0.250167,3.2,3.9,2.8,2.773739,0.188111,2.5,3.0,0.210291,0.241615,0.094467,0.138534,0.422856,56.0,67.376784,22.689431,51,115,4144880.0,4164738.49667,152387.512146,3930720.0,4545040.0,4212724.285714,4213828.714145,178097.275661,3876918.518519,4582608.571429,4867200.0,4797360.532826,330576.05997,4236480,5211840,3782400.0,3721620.247383,245884.958915,3343680,4073120,278250.616743,315826.383163,125510.939602,175042.290638,554410.590176,56.0,67.376784,22.689431,51,115,serial,kernels-1
SERIAL,USTAR,100.0,99.903853,3.268934,94.3,106.0,99.952679,100.086235,3.485489,94.232143,106.438596,107.0,106.323121,4.248647,99.8,114.0,94.1,94.294957,3.129236,88.8,100.0,3.48015,3.541153,0.402959,3.076979,4.329265,56.0,66.34824,21.884514,53,118,4.1,4.10295,0.148005,3.9,4.3,4.103636,4.102863,0.085516,3.942857,4.2625,4.3,4.311798,0.049701,4.2,4.4,3.9,3.910086,0.030128,3.9,4.0,0.158003,0.149824,0.032658,0.078293,0.197995,56.0,66.34824,21.884514,53,118,5463120.0,5474067.889629,194354.139531,5207304.0,5753688.0,5481010.714286,5478885.724048,118591.571869,5262443.857143,5701976.571429,5766992.0,5757597.172217,49728.837143,5552532,5813404,5175224.0,5194463.242626,49241.196911,5174304,5386848,212771.487402,201914.381597,43830.152495,103279.633774,263490.854785,56.0,66.34824,21.884514,53,118,serial,kernels-1
SERIAL,ZOM,99.9,99.912084,3.277523,94.3,106.0,99.947458,100.100413,3.494083,94.232143,106.438596,107.0,106.436346,4.212473,99.8,114.0,93.8,94.171931,3.174878,88.8,100.0,3.709892,3.62124,0.394477,3.076979,4.329265,56.0,64.784015,20.491345,53,117,4.0,4.013463,0.135671,3.9,4.3,4.055357,4.044161,0.084328,3.908621,4.211111,4.3,4.255661,0.085266,4.0,4.4,3.9,3.9,0.0,3.9,3.9,0.15602,0.136554,0.045692,0.028312,0.187615,56.0,64.784015,20.491345,53,117,5281796.0,5355551.85157,174312.908024,5207020.0,5740476.0,5414812.857143,5398660.547398,114415.872234,5216710.690909,5630769.333333,5751784.0,5694979.018078,121751.762144,5362260,5795988,5175168.0,5175547.771646,3135.842019,5174304,5215036,208998.313159,183123.116429,64065.093376,35801.983682,258919.555199,56.0,64.784015,20.491345,53,117,serial,kernels-1
