STRATEGY,PHASE,TIMESTAMP_count,TIMESTAMP_median,TIMESTAMP_mean,TIMESTAMP_std,TIMESTAMP_min,TIMESTAMP_max,strategy,algorithm
SERIAL,P0_READ_INPUT,1051,1829.158081,1828.355682,8.352716,1805.091675,1856.860596,serial,kernels-1
SERIAL,RADIANCE,1051,109.368637,109.050844,1.25652,104.08712,111.66188,serial,kernels-1
SERIAL,REFLECTANCE,1051,1231.219971,1232.090361,7.27161,1212.410522,1289.86145,serial,kernels-1
SERIAL,ALBEDO,1051,245.518234,245.42934,1.113369,239.412735,251.354935,serial,kernels-1
SERIAL,NDVI,1051,155.023712,154.877863,0.929196,148.916504,159.554169,serial,kernels-1
SERIAL,LAI,1051,344.173096,344.162355,2.510463,338.551727,418.629944,serial,kernels-1
SERIAL,ENB_EMISSIVITY,1051,115.181892,114.971111,0.996302,110.077522,119.374115,serial,kernels-1
SERIAL,EO_EMISSIVITY,1051,115.025154,114.809636,1.001686,109.912636,118.763969,serial,kernels-1
SERIAL,EA_EMISSIVITY,1051,421.205292,421.013679,1.202611,415.362885,431.854462,serial,kernels-1
SERIAL,SURFACE_TEMPERATURE,1051,216.404449,216.03404,1.713538,211.423477,257.715942,serial,kernels-1
SERIAL,SHORT_WAVE_RADIATION,1051,233.812729,233.912361,10.027296,228.748474,556.129639,serial,kernels-1
SERIAL,LARGE_WAVES_RADIATION,1051,208.449219,210.536234,6.532381,200.393967,225.915787,serial,kernels-1
SERIAL,NET_RADIATION,1051,169.226196,169.454518,0.958871,165.84137,174.332443,serial,kernels-1
SERIAL,SOIL_HEAT_FLUX,1051,191.542801,191.592387,0.752436,187.767944,197.416611,serial,kernels-1
SERIAL,P1_INITIAL_PROD,1051,3755.928711,3758.037877,14.797866,3725.677002,4081.284668,serial,kernels-1
SERIAL,PIXEL_FILTER,1051,1819.88562,1820.030459,2.473306,1813.360229,1833.508545,serial,kernels-1
SERIAL,P2_PIXEL_SEL,1051,2340.544922,2340.70751,2.590976,2332.815186,2355.347168,serial,kernels-1
SERIAL,ZOM,1051,159.014801,158.912652,0.650051,156.360291,163.422562,serial,kernels-1
SERIAL,USTAR,1051,182.355667,182.285652,2.508788,178.558456,260.216309,serial,kernels-1
SERIAL,RAH_INI,1051,120.933899,120.749277,0.610029,117.687592,123.00666,serial,kernels-1
SERIAL,RAH_CYCLE,1051,3719.572754,3720.845267,33.239501,3709.277588,4789.786133,serial,kernels-1
SERIAL,SENSIBLE_HEAT_FLUX,1051,158.796173,159.048235,7.937353,157.210556,415.637512,serial,kernels-1
SERIAL,P3_RAH,1051,4390.487305,4391.975305,41.215662,4375.224121,5717.022461,serial,kernels-1
SERIAL,LATENT_HEAT_FLUX,1051,109.564819,109.546088,0.855059,106.913879,112.644363,serial,kernels-1
SERIAL,NET_RADIATION_24H,1051,108.331352,108.334222,0.888227,103.576225,111.014938,serial,kernels-1
SERIAL,EVAPOTRANSPIRATION_24H,1051,153.095886,153.332548,1.190375,150.248886,158.211655,serial,kernels-1
SERIAL,P4_FINAL_PROD,1051,371.109161,371.241029,2.273063,364.265076,377.760773,serial,kernels-1
SERIAL,P6_SAVE_PRODS,1051,57.608196,57.565887,1.452791,55.001369,59.997688,serial,kernels-1
SERIAL,P_TOTAL,1051,13131.9,13130.653663,54.055385,13039.5,14466.4,serial,kernels-1
